ICMR 6.01,,,,,,,,,,,,,,,,,,
,,,,,,,,,,,,,,,,,,
Figure 6.1,,,,,,,,,,,,,,,,,,
Key telecoms indicators: 2013,,,,,,,,,,,,,,,,,,
,,,,,,,,,,,,,,,,,,
,UK,FRA,GER,ITA,USA,JPN,AUS,ESP,NED,SWE,POL,SGP,KOR,BRA,RUS,IND,CHN,NGA
Telecoms service revenues (£bn),28.6,20.7,26.5,19,179,85.5,16,15.8,7.5,4.5,6.3,3.3,19.3,30.8,21.6,15.2,106.4,6.7
Monthly telecoms revenues per capita (£),37,26,27,26,47,56,58,28,37,39,14,51,33,13,13,1,7,3
Fixed telephone lines per 100 population,52,24,29,32,27,24,41,35,12,24,15,29,36,19,28,2,20,0
Monthly outbound fixed minutes per capita,120,131,172,94,124,92,144,100,108,111,25,85,87,70,84,5,9,0
Mobile connections per 100 population,130,117,140,159,106,114,131,107,128,148,148,156,113,137,169,71,91,73
Mobile data connections per 100 population,77,64,51,74,100,113,136,79,60,133,110,153,110,76,61,18,38,40
4G as % of all mobile connections,4,4,5,3,23,22,20,3,4,11,2,24,51,0,1,0,0,0
Monthly outbound mobile minutes per capita,175,175,117,205,339,132,149,126,115,222,165,279,203,181,269,127,178,67
Average mobile data volumes per person (Mbyte),251,192,271,469,794,1101,763,239,421,2305,261,439,1369,102,135,8,58,65
Fixed broadband connections per 100 population  ,36,38,34,23,29,35,28,26,41,34,21,30,37,10,18,1,15,0
Average monthly fixed broadband data volumes per person (Gbyte),11,10.1,8.6,6.4,15.1,27.2,8,7.1,14.7,24.4,3.7,19.7,42.9,2,3.4,0.1,2.4,0
NGA connections per 100 population,11,3,9,1,20,25,24,25,39,33,14,30,34,9,18,1,15,0
Dedicated data-only mobile broadband connections per 100 population  ,8,6,10,13,8,10,26,4,7,23,11,3,5,3,13,0.5,1,3
Managed VoIP connections per 100 population,7,36,16,5,15,20,3,6,31,16,3,8,19,3,1,0,1,0
,,,,,,,,,,,,,,,,,,
Source: IHS / industry data / Ofcom,,,,,,,,,,,,,,,,,,
,,,,,,,,,,,,,,,,,,
ICMR 6.02,,,,,,,,,,,,,,,,,,
,,,,,,,,,,,,,,,,,,
Figure 6.2,,,,,,,,,,,,,,,,,,
Availability of NGA networks by technology and country: 2013,,,,,,,,,,,,,,,,,,
Proportion of population (%),,,,,,,,,,,,,,,,,,
,,,,,,,,,,,,,,,,,,
,VDSL,FTTH/B,FTTLA,,,,,,,,,,,,,,,
UK,68%,1%,44%,,,,,,,,,,,,,,,
FRA,13%,10%,30%,,,,,,,,,,,,,,,
GER,34%,4%,60%,,,,,,,,,,,,,,,
ITA,15%,12%,0%,,,,,,,,,,,,,,,
USA,31%,24%,88%,,,,,,,,,,,,,,,
JPN,0%,90%,39%,,,,,,,,,,,,,,,
AUS,1%,3%,25%,,,,,,,,,,,,,,,
ESP,11%,23%,49%,,,,,,,,,,,,,,,
NED,84%,23%,96%,,,,,,,,,,,,,,,
SWE,18%,52%,39%,,,,,,,,,,,,,,,
POL,28%,4%,39%,,,,,,,,,,,,,,,
SGP,0%,95%,99%,,,,,,,,,,,,,,,
KOR,95%,99%,70%,,,,,,,,,,,,,,,
BRA,19%,3%,44%,,,,,,,,,,,,,,,
RUS,0%,45%,23%,,,,,,,,,,,,,,,
IND,1%,1%,13%,,,,,,,,,,,,,,,
CHN,0%,35%,17%,,,,,,,,,,,,,,,
NGA,0%,1%,0%,,,,,,,,,,,,,,,
,,,,,,,,,,,,,,,,,,
Source: IHS,,,,,,,,,,,,,,,,,,
,,,,,,,,,,,,,,,,,,
ICMR 6.03,,,,,,,,,,,,,,,,,,
,,,,,,,,,,,,,,,,,,
Figure 6.3,,,,,,,,,,,,,,,,,,
"NGA broadband connections per 100 people, by technology: end 2013",,,,,,,,,,,,,,,,,,
Connections per 100 people,,,,,,,,,,,,,,,,,,
,,,,,,,,,,,,,,,,,,
,,VDSL,FTTH/B,FTTLA,Total,,,,,,,,,,,,,
UK,UK,3,0,7,11,,,,,,,,,,,,,
FRANCE,FRA,0,1,2,3,,,,,,,,,,,,,
GERMANY,GER,2,0,6,9,,,,,,,,,,,,,
ITALY,ITA,0,1,0,1,,,,,,,,,,,,,
USA,USA,2,2,16,20,,,,,,,,,,,,,
JAPAN,JPN,0,20,5,25,,,,,,,,,,,,,
AUSTRALIA,AUS,3,1,5,9,,,,,,,,,,,,,
SPAIN,ESP,1,1,4,7,,,,,,,,,,,,,
NETHERLANDS,NED,1,3,19,23,,,,,,,,,,,,,
SWEDEN,SWE,1,13,6,20,,,,,,,,,,,,,
POLAND,POL,0,0,7,7,,,,,,,,,,,,,
SINGAPORE,SGP,0,9,10,19,,,,,,,,,,,,,
SOUTH_KOREA,KOR,1,22,10,33,,,,,,,,,,,,,
BRAZIL,BRA,0,0,3,4,,,,,,,,,,,,,
RUSSIA,RUS,0,6,5,11,,,,,,,,,,,,,
INDIA,IND,0,0,0,0,,,,,,,,,,,,,
CHINA,CHN,0,4,1,4,,,,,,,,,,,,,
NIGERIA,NGA,0,0,0,0,,,,,,,,,,,,,
,,,,,,,,,,,,,,,,,,
"Source: IHS Note: NGA on the left hand side of the chart is the country code for Nigeria, and does not refer to next generation access technologies.",,,,,,,,,,,,,,,,,,
,,,,,,,,,,,,,,,,,,
ICMR 6.04,,,,,,,,,,,,,,,,,,
,,,,,,,,,,,,,,,,,,
Figure 6.4,,,,,,,,,,,,,,,,,,
"Fixed broadband connections, by headline speed: 2008 and 2013",,,,,,,,,,,,,,,,,,
Proportion of population (%),,,,,,,,,,,,,,,,,,
,,,,,,,,,,,,,,,,,,
Country Code,Year,<= 2MBit/s,>2MBit/s and less than 8MBit/s,>=8mbits and less than 30Mbit/s,>=30Mbit/s and less than 100MBit/s,>= 100Mbit/s,,,,,,,,,,,,
UK,2008,26,68,7,0,0,,,,,,,,,,,,
,2013,0,10,65,23,1,,,,,,,,,,,,
FRA,2008,25,24,50,1,0,,,,,,,,,,,,
,2013,2,8,82,3,6,,,,,,,,,,,,
GER,2008,6,76,18,0,0,,,,,,,,,,,,
,2013,6,39,40,13,3,,,,,,,,,,,,
ITA,2008,32,60,8,0,0,,,,,,,,,,,,
,2013,2,80,18,1,0,,,,,,,,,,,,
USA,2008,44,24,33,0,0,,,,,,,,,,,,
,2013,11,18,38,32,1,,,,,,,,,,,,
JPN,2008,3,39,20,23,16,,,,,,,,,,,,
,2013,0,3,22,21,54,,,,,,,,,,,,
AUS,2008,39,30,25,6,0,,,,,,,,,,,,
,2013,3,34,46,16,1,,,,,,,,,,,,
ESP,2008,13,78,10,0,0,,,,,,,,,,,,
,2013,2,40,41,11,6,,,,,,,,,,,,
NED,2008,30,33,29,8,0,,,,,,,,,,,,
,2013,1,31,27,33,9,,,,,,,,,,,,
SWE,2008,16,48,36,0,0,,,,,,,,,,,,
,2013,1,25,36,6,31,,,,,,,,,,,,
POL,2008,83,15,2,0,0,,,,,,,,,,,,
,2013,6,35,20,37,2,,,,,,,,,,,,
SGP,2008,1,13,34,51,2,,,,,,,,,,,,
,2013,0,2,17,44,37,,,,,,,,,,,,
KOR,2008,1,5,35,35,25,,,,,,,,,,,,
,2013,0,0,14,29,57,,,,,,,,,,,,
BRA,2008,76,20,4,1,0,,,,,,,,,,,,
,2013,40,37,15,8,1,,,,,,,,,,,,
RUS,2008,11,39,32,19,0,,,,,,,,,,,,
,2013,1,19,36,41,4,,,,,,,,,,,,
IND,2008,99,1,0,0,0,,,,,,,,,,,,
,2013,50,34,13,3,0,,,,,,,,,,,,
CHN,2008,17,62,18,4,0,,,,,,,,,,,,
,2013,4,59,23,12,1,,,,,,,,,,,,
NGA,2008,100,0,0,0,0,,,,,,,,,,,,
,2013,98,1,1,0,0,,,,,,,,,,,,
,,,,,,,,,,,,,,,,,,
Source: IHS / Ofcom / operator data,,,,,,,,,,,,,,,,,,
,,,,,,,,,,,,,,,,,,
ICMR 6.05,,,,,,,,,,,,,,,,,,
,,,,,,,,,,,,,,,,,,
Figure 6.5,,,,,,,,,,,,,,,,,,
Reason for choosing current fixed broadband service,,,,,,,,,,,,,,,,,,
% of respondents with superfast broadband,,,,,,,,,,,,,,,,,,
,,,,,,,,,,,,,,,,,,
 ,UK,FRA,GER,ITA,USA,JPN,AUS,ESP,CHN,,,,,,,,,
 The deal I was offered was good value for money,59,57,70,69,53,44,69,74,45,,,,,,,,,
 Its download speed,46,27,37,38,44,41,44,46,46,,,,,,,,,
 My previous service was slow and I wanted faster speeds,20,26,25,19,25,33,15,31,36,,,,,,,,,
 Its upload speed,18,24,21,26,27,19,23,32,31,,,,,,,,,
 Its data allowance or traffic management policy,19,18,14,19,19,10,38,6,27,,,,,,,,,
 For my work or business needs,5,6,10,17,16,6,16,10,35,,,,,,,,,
 Someone else made the decision,6,4,4,1,6,7,3,1,4,,,,,,,,,
,,,,,,,,,,,,,,,,,,
% of respondents without superfast broadband,,,,,,,,,,,,,,,,,,
,,,,,,,,,,,,,,,,,,
 ,UK,FRA,GER,ITA,USA,JPN,AUS,ESP,CHN,,,,,,,,,
 The deal I was offered was good value for money,70,57,67,66,54,49,55,71,33,,,,,,,,,
 Its download speed,17,18,23,23,19,19,32,21,32,,,,,,,,,
 My previous service was slow and I wanted faster speeds,11,22,14,22,24,22,23,15,27,,,,,,,,,
 Its upload speed,5,13,10,18,11,12,13,11,15,,,,,,,,,
 Its data allowance or traffic management policy,18,10,14,16,4,7,30,3,21,,,,,,,,,
 For my work or business needs,6,8,5,13,10,8,7,6,26,,,,,,,,,
 Someone else made the decision,5,3,4,2,6,11,8,2,6,,,,,,,,,
,,,,,,,,,,,,,,,,,,
"Source: Ofcom consumer research October 2014 Base: All respondents with superfast broadband, UK=238, FRA=190, GER=254, ITA=114, USA=141, JPN=314, AUS=140, ESP=229, CHN=240 Base: All respondents with non-superfast broadband, UK=249, FRA=199, GER=269, ITA=304, USA=137, JPN=107, AUS=122, ESP=359, CHN=534 Q.29 Why did you choose your home broadband service?",,,,,,,,,,,,,,,,,,
,,,,,,,,,,,,,,,,,,
ICMR 6.06,,,,,,,,,,,,,,,,,,
,,,,,,,,,,,,,,,,,,
Figure 6.6,,,,,,,,,,,,,,,,,,
Managed VoIP revenues as a proportion of fixed voice revenues: 2008 and 2013,,,,,,,,,,,,,,,,,,
Per cent (%),,,,,,,,,,,,,,,,,,
,,,,,,,,,,,,,,,,,,
,2008,2013,,,,,,,,,,,,,,,,
UK,3,7,,,,,,,,,,,,,,,,
FRA,6,11,,,,,,,,,,,,,,,,
GER,2,7,,,,,,,,,,,,,,,,
ITA,3,11,,,,,,,,,,,,,,,,
USA,6,23,,,,,,,,,,,,,,,,
JPN,10,23,,,,,,,,,,,,,,,,
AUS,2,3,,,,,,,,,,,,,,,,
ESP,2,12,,,,,,,,,,,,,,,,
NED,12,29,,,,,,,,,,,,,,,,
SWE,7,16,,,,,,,,,,,,,,,,
POL,1,7,,,,,,,,,,,,,,,,
SGP,5,11,,,,,,,,,,,,,,,,
KOR,4,17,,,,,,,,,,,,,,,,
BRA,1,6,,,,,,,,,,,,,,,,
RUS,0,1,,,,,,,,,,,,,,,,
IND,0,0,,,,,,,,,,,,,,,,
CHN,0,1,,,,,,,,,,,,,,,,
NGA,0,0,,,,,,,,,,,,,,,,
,,,,,,,,,,,,,,,,,,
Source: IHS / industry data / Ofcom,,,,,,,,,,,,,,,,,,
,,,,,,,,,,,,,,,,,,
ICMR 6.07,,,,,,,,,,,,,,,,,,
,,,,,,,,,,,,,,,,,,
Figure 6.7,,,,,,,,,,,,,,,,,,
Monthly managed VoIP revenue per connection,,,,,,,,,,,,,,,,,,
£ per month,,,,,,,,,,,,,,,,,,
,,,,,,,,,,,,,,,,,,
,2008,2009,2010,2011,2012,2013,,,,,,,,,,,,
ESP,11.9,14.6,14.9,16.4,15.4,14.7,,,,,,,,,,,,
ITA,8.4,9.9,11.2,14.4,14.8,14.1,,,,,,,,,,,,
AUS,18.9,17.3,17.3,14.1,14.5,13.8,,,,,,,,,,,,
USA,9.6,9.8,11.3,12.3,13,12.2,,,,,,,,,,,,
UK,11.7,12.1,11.4,10.2,10.8,11.3,,,,,,,,,,,,
JPN,14.5,14.2,12.1,10.6,11.1,10.1,,,,,,,,,,,,
NED,6.5,7.3,7.9,7.7,8.2,7.4,,,,,,,,,,,,
SWE,11.1,11.2,9.3,8.8,8.3,7.4,,,,,,,,,,,,
GER,3.9,3.7,3.5,3.7,3.2,3.6,,,,,,,,,,,,
FRA,2.9,3.1,3,2.4,1.9,1.8,,,,,,,,,,,,
SGP,14.6,12.9,11.2,10.3,12.3,11.4,,,,,,,,,,,,
BRA,3.6,3.5,8.1,10.4,6.9,7.5,,,,,,,,,,,,
RUS,1.4,1.8,4.1,5.5,4,4.4,,,,,,,,,,,,
POL,1.8,1.9,3.6,4.5,3.8,4.3,,,,,,,,,,,,
KOR,7.4,8.8,5.7,4.3,4.2,3.7,,,,,,,,,,,,
IND,0.9,1.1,2.8,2.7,2.5,3,,,,,,,,,,,,
CHN,0.4,0.3,0.7,0.8,0.5,0.5,,,,,,,,,,,,
NGA,0,0,0,0,0,0,,,,,,,,,,,,
,,,,,,,,,,,,,,,,,,
Source: IHS / industry data / Ofcom,,,,,,,,,,,,,,,,,,
,,,,,,,,,,,,,,,,,,
ICMR 6.08,,,,,,,,,,,,,,,,,,
,,,,,,,,,,,,,,,,,,
Figure 6.8,,,,,,,,,,,,,,,,,,
Average price per managed VoIP minute,,,,,,,,,,,,,,,,,,
Pence,,,,,,,,,,,,,,,,,,
,,,,,,,,,,,,,,,,,,
,2008,2009,2010,2011,2012,2013,,,,,,,,,,,,
JPN,6.8,6.1,5.5,5.3,6.1,6,,,,,,,,,,,,
ITA,9.4,8,6.9,6,6.4,5.4,,,,,,,,,,,,
SWE,4.7,4.6,4.2,4.7,4.7,5,,,,,,,,,,,,
USA,2,2.3,3.2,4.1,4.7,4.8,,,,,,,,,,,,
UK,2.8,2.8,2.8,3.3,4,4.6,,,,,,,,,,,,
AUS,3.5,3.7,3.7,3.7,4.4,4.6,,,,,,,,,,,,
ESP,3.4,4,4,4.3,4.2,4.5,,,,,,,,,,,,
NED,2.4,2.6,3,2.9,3.3,3.3,,,,,,,,,,,,
GER,0.7,0.7,0.8,0.9,0.9,1.1,,,,,,,,,,,,
FRA,1.1,1,1,0.8,0.6,0.7,,,,,,,,,,,,
SGP,4.5,4.5,4.4,4.3,5.3,5.3,,,,,,,,,,,,
POL,4.7,3.4,4.9,3.9,2.9,2.9,,,,,,,,,,,,
BRA,3.7,2.3,3.4,2.8,2.2,2.5,,,,,,,,,,,,
KOR,2.1,3,2.6,2.2,2.4,2.3,,,,,,,,,,,,
RUS,2,1.3,2.2,1.8,1.4,1.2,,,,,,,,,,,,
IND,1.3,0.9,1.8,1.3,1.1,1.1,,,,,,,,,,,,
CHN,2.1,1.3,2,1.6,1.2,1.1,,,,,,,,,,,,
NGA,0,0,0,0,0,0,,,,,,,,,,,,
,,,,,,,,,,,,,,,,,,
Source: IHS / industry data / Ofcom,,,,,,,,,,,,,,,,,,
,,,,,,,,,,,,,,,,,,
ICMR 6.09,,,,,,,,,,,,,,,,,,
,,,,,,,,,,,,,,,,,,
Figure 6.9,,,,,,,,,,,,,,,,,,
Average monthly managed VoIP call minutes per connection,,,,,,,,,,,,,,,,,,
Minutes per month,,,,,,,,,,,,,,,,,,
,,,,,,,,,,,,,,,,,,
,2008,2009,2010,2011,2012,2013,,,,,,,,,,,,
GER,547,555,459,425,360,339,,,,,,,,,,,,
ESP,345,361,371,383,370,325,,,,,,,,,,,,
AUS,535,467,473,381,327,303,,,,,,,,,,,,
FRA,272,297,299,303,305,265,,,,,,,,,,,,
ITA,89,125,163,239,232,260,,,,,,,,,,,,
USA,470,431,356,302,277,254,,,,,,,,,,,,
UK,418,431,405,313,269,245,,,,,,,,,,,,
NED,268,286,267,265,247,223,,,,,,,,,,,,
JPN,214,232,219,200,182,168,,,,,,,,,,,,
SWE,237,242,225,187,176,148,,,,,,,,,,,,
RUS,72,141,189,309,285,366,,,,,,,,,,,,
BRA,99,155,235,378,314,297,,,,,,,,,,,,
IND,70,120,150,203,238,265,,,,,,,,,,,,
SGP,324,288,252,237,232,215,,,,,,,,,,,,
KOR,356,298,215,199,176,164,,,,,,,,,,,,
POL,39,56,74,115,133,149,,,,,,,,,,,,
CHN,17,25,37,51,42,50,,,,,,,,,,,,
NGA,0,0,0,0,0,0,,,,,,,,,,,,
,,,,,,,,,,,,,,,,,,
Source: IHS / industry data / Ofcom,,,,,,,,,,,,,,,,,,
,,,,,,,,,,,,,,,,,,
ICMR 6.10,,,,,,,,,,,,,,,,,,
,,,,,,,,,,,,,,,,,,
Figure 6.10,,,,,,,,,,,,,,,,,,
VoIP use by device type ,,,,,,,,,,,,,,,,,,
% of respondents with each device,,,,,,,,,,,,,,,,,,
,,,,,,,,,,,,,,,,,,
 ,UK,FRA,GER,ITA,USA,JPN,AUS,ESP,CHN,,,,,,,,,
Laptop/desktop/netbook,22,27,26,38,14,13,25,34,25,,,,,,,,,
Mobile/Smartphone,17,13,15,27,15,16,25,19,25,,,,,,,,,
Tablet,20,21,21,29,18,11,23,21,27,,,,,,,,,
,,,,,,,,,,,,,,,,,,
"Source: Ofcom consumer research October 2014Base: All who own each device, UK=905/540/318, FRA=953/469/270, GER=949/531/263, ITA=902/762/384, USA=907/443/274, JPN=934/566/209, AUS=944/579/325, ESP=903/742/394, CHN=947/808/446Q.9B. Which, if any, of the following ways of communicating over the internet do you use each of your devices for?",,,,,,,,,,,,,,,,,,
,,,,,,,,,,,,,,,,,,
ICMR 6.11,,,,,,,,,,,,,,,,,,
,,,,,,,,,,,,,,,,,,
Figure 6.11,,,,,,,,,,,,,,,,,,
Managed VoIP connections per 100 people,,,,,,,,,,,,,,,,,,
Lines per 100 population,,,,,,,,,,,,,,,,,,
,,,,,,,,,,,,,,,,,,
,2008,2009,2010,2011,2012,2013,,,,,,,,,,,,
FRA,23,26,29,32,34,36,,,,,,,,,,,,
NED,18,20,23,25,29,31,,,,,,,,,,,,
JPN,8,11,13,16,18,20,,,,,,,,,,,,
SWE,8,10,12,14,15,16,,,,,,,,,,,,
GER,5,8,10,12,14,16,,,,,,,,,,,,
USA,7,8,10,12,13,15,,,,,,,,,,,,
UK,4,5,5,6,6,7,,,,,,,,,,,,
ESP,2,2,2,3,4,6,,,,,,,,,,,,
ITA,4,5,5,5,5,5,,,,,,,,,,,,
AUS,2,2,2,3,2,3,,,,,,,,,,,,
KOR,3,11,15,17,18,19,,,,,,,,,,,,
SGP,3,4,4,5,6,8,,,,,,,,,,,,
BRA,1,1,2,2,3,3,,,,,,,,,,,,
POL,2,3,3,2,3,3,,,,,,,,,,,,
RUS,0,0,0,0,1,1,,,,,,,,,,,,
CHN,0,0,0,0,1,1,,,,,,,,,,,,
IND,0,0,0,0,0,0,,,,,,,,,,,,
NGA,0,0,0,0,0,0,,,,,,,,,,,,
,,,,,,,,,,,,,,,,,,
Source: IHS / industry data / Ofcom,,,,,,,,,,,,,,,,,,
,,,,,,,,,,,,,,,,,,
ICMR 6.12,,,,,,,,,,,,,,,,,,
,,,,,,,,,,,,,,,,,,
Figure 6.12,,,,,,,,,,,,,,,,,,
Managed VoIP connections as a proportion of total voice connections,,,,,,,,,,,,,,,,,,
Per cent (%),,,,,,,,,,,,,,,,,,
,,,,,,,,,,,,,,,,,,
,2008,2013,,,,,,,,,,,,,,,,
UK,6.9,12.1,,,,,,,,,,,,,,,,
FRA,35.4,60.2,,,,,,,,,,,,,,,,
GER,11,36,,,,,,,,,,,,,,,,
ITA,10.1,14,,,,,,,,,,,,,,,,
USA,13.4,36,,,,,,,,,,,,,,,,
JPN,17.5,45.4,,,,,,,,,,,,,,,,
AUS,3.4,6,,,,,,,,,,,,,,,,
ESP,3.7,13.7,,,,,,,,,,,,,,,,
NED,39.7,71.5,,,,,,,,,,,,,,,,
SWE,14.3,40,,,,,,,,,,,,,,,,
POL,9,17.4,,,,,,,,,,,,,,,,
SGP,9,21,,,,,,,,,,,,,,,,
KOR,6.4,34.7,,,,,,,,,,,,,,,,
BRA,4.6,15.1,,,,,,,,,,,,,,,,
RUS,0.2,3.7,,,,,,,,,,,,,,,,
IND,0,0.2,,,,,,,,,,,,,,,,
CHN,0.9,3.4,,,,,,,,,,,,,,,,
NGA,0,0,,,,,,,,,,,,,,,,
,,,,,,,,,,,,,,,,,,
Source: IHS / industry data / Ofcom,,,,,,,,,,,,,,,,,,
,,,,,,,,,,,,,,,,,,
ICMR 6.13,,,,,,,,,,,,,,,,,,
,,,,,,,,,,,,,,,,,,
Figure 6.13,,,,,,,,,,,,,,,,,,
"Total comparator country retail telecoms revenue, by sector: 2008 to 2013",,,,,,,,,,,,,,,,,,
£bn,,,,,,,,,,,,,,,,,,
,,,,,,,,,,,,,,,,,,
,2008,2009,2010,2011,2012,2013,,,,,,,,,,,,
Fixed Voice,148,136,130,119,109,100,,,,,,,,,,,,
Fixed Broadband,65,73,81,88,97,106,,,,,,,,,,,,
Mobile Voice,256,252,250,248,242,232,,,,,,,,,,,,
Mobile Data,79,93,110,130,154,175,,,,,,,,,,,,
Total,548,555,571,585,603,613,,,,,,,,,,,,
,,,,,,,,,,,,,,,,,,
"Source: IHS / industry data / OfcomNote: Fixed voice revenues include managed VoIP revenues; voice revenues include access/line rental revenues and may include revenues relating to bundled data services.",,,,,,,,,,,,,,,,,,
,,,,,,,,,,,,,,,,,,
ICMR 6.14,,,,,,,,,,,,,,,,,,
,,,,,,,,,,,,,,,,,,
Figure 6.14,,,,,,,,,,,,,,,,,,
"Total comparator country retail telecoms revenue, by country type: 2008 to 2013",,,,,,,,,,,,,,,,,,
£bn,,,,,,,,,,,,,,,,,,
,,,,,,,,,,,,,,,,,,
,2008,2009,2010,2011,2012,2013,,,,,,,,,,,,
EU,154,149,146,143,137,129,,,,,,,,,,,,
USA,156,158,166,169,179,179,,,,,,,,,,,,
Asia Pacific,116,115,117,118,120,124,,,,,,,,,,,,
BRIC & Nigeria,122,132,142,154,166,181,,,,,,,,,,,,
Total,548,555,571,585,603,613,,,,,,,,,,,,
,,,,,,,,,,,,,,,,,,
Source: IHS / industry data / Ofcom,,,,,,,,,,,,,,,,,,
,,,,,,,,,,,,,,,,,,
ICMR 6.15,,,,,,,,,,,,,,,,,,
,,,,,,,,,,,,,,,,,,
Figure 6.15,,,,,,,,,,,,,,,,,,
"Telecoms service retail revenues, by country and sector: 2008 and 2013",,,,,,,,,,,,,,,,,,
£bn,,,,,,,,,,,,,,,,,,
,,,,,,,,,,,,,,,,,,
,,Fixed voice,Mobile,Fixed broadband,Total,,,,,,,,,,,,,
UK,2008,11,15,3,29,,,,,,,,,,,,,
,2013,9,16,4,29,,,,,,,,,,,,,
FRA,2008,8,17,2,27,,,,,,,,,,,,,
,2013,4,14,2,21,,,,,,,,,,,,,
GER,2008,11,16,3,30,,,,,,,,,,,,,
,2013,7,16,3,27,,,,,,,,,,,,,
ITA,2008,7,17,2,26,,,,,,,,,,,,,
,2013,5,12,2,19,,,,,,,,,,,,,
USA,2008,43,95,18,156,,,,,,,,,,,,,
,2013,29,121,29,179,,,,,,,,,,,,,
JPN,2008,18,49,12,79,,,,,,,,,,,,,
,2013,13,50,23,85,,,,,,,,,,,,,
AUS,2008,4,7,4,15,,,,,,,,,,,,,
,2013,3,9,4,16,,,,,,,,,,,,,
ESP,2008,5,17,2,24,,,,,,,,,,,,,
,2013,3,10,3,16,,,,,,,,,,,,,
NED,2008,2,4,1,7,,,,,,,,,,,,,
,2013,2,5,1,8,,,,,,,,,,,,,
SWE,2008,1,2,1,4,,,,,,,,,,,,,
,2013,1,3,1,5,,,,,,,,,,,,,
POL,2008,1,5,1,7,,,,,,,,,,,,,
,2013,1,4,1,6,,,,,,,,,,,,,
SGP,2008,1,2,0,3,,,,,,,,,,,,,
,2013,0,2,1,3,,,,,,,,,,,,,
KOR,2008,4,12,4,19,,,,,,,,,,,,,
,2013,2,12,4,19,,,,,,,,,,,,,
BRA,2008,12,9,4,25,,,,,,,,,,,,,
,2013,9,16,6,31,,,,,,,,,,,,,
RUS,2008,5,11,1,17,,,,,,,,,,,,,
,2013,4,15,2,22,,,,,,,,,,,,,
IND,2008,3,7,0,10,,,,,,,,,,,,,
,2013,2,12,1,15,,,,,,,,,,,,,
CHN,2008,10,49,8,66,,,,,,,,,,,,,
,2013,4,84,18,106,,,,,,,,,,,,,
NGA,2008,0,4,0,4,,,,,,,,,,,,,
,2013,0,7,0,7,,,,,,,,,,,,,
,,,,,,,,,,,,,,,,,,
"Source: IHS / industry data / OfcomNote: Fixed voice revenues include managed VoIP revenues.",,,,,,,,,,,,,,,,,,
,,,,,,,,,,,,,,,,,,
ICMR 6.16,,,,,,,,,,,,,,,,,,
,,,,,,,,,,,,,,,,,,
Figure 6.16,,,,,,,,,,,,,,,,,,
Mobile as a proportion of total telecoms revenues: 2008 and 2013,,,,,,,,,,,,,,,,,,
Per cent (%),,,,,,,,,,,,,,,,,,
,,,,,,,,,,,,,,,,,,
,,2008,2013,,,,,,,,,,,,,,,
UK,UK,52,54,,,,,,,,,,,,,,,
FRANCE,FRA,62,67,,,,,,,,,,,,,,,
GERMANY,GER,52,60,,,,,,,,,,,,,,,
ITALY,ITA,65,64,,,,,,,,,,,,,,,
USA,USA,61,68,,,,,,,,,,,,,,,
JAPAN,JPN,62,58,,,,,,,,,,,,,,,
AUSTRALIA,AUS,48,53,,,,,,,,,,,,,,,
SPAIN,ESP,69,62,,,,,,,,,,,,,,,
NETHERLANDS,NED,56,62,,,,,,,,,,,,,,,
SWEDEN,SWE,50,63,,,,,,,,,,,,,,,
POLAND,POL,70,71,,,,,,,,,,,,,,,
SINGAPORE,SGP,66,69,,,,,,,,,,,,,,,
SOUTH_KOREA,KOR,62,65,,,,,,,,,,,,,,,
BRAZIL,BRA,35,52,,,,,,,,,,,,,,,
RUSSIA,RUS,63,68,,,,,,,,,,,,,,,
INDIA,IND,68,82,,,,,,,,,,,,,,,
CHINA,CHN,73,79,,,,,,,,,,,,,,,
NIGERIA,NGA,96,99,,,,,,,,,,,,,,,
,,,,,,,,,,,,,,,,,,
Source: IHS / industry data / Ofcom,,,,,,,,,,,,,,,,,,
,,,,,,,,,,,,,,,,,,
ICMR 6.17,,,,,,,,,,,,,,,,,,
,,,,,,,,,,,,,,,,,,
Figure 6.17,,,,,,,,,,,,,,,,,,
Total fixed broadband and mobile data revenues: 2008 to 2013,,,,,,,,,,,,,,,,,,
£bn,,,,,,,,,,,,,,,,,,
,,,,,,,,,,,,,,,,,,
,Fixed broadband,Mobile internet,Messaging,Total,,,,,,,,,,,,,,
2008,65,,,65,,,,,,,,,,,,,,
,,48,31,79,,,,,,,,,,,,,,
2009,73,,,73,,,,,,,,,,,,,,
,,60,34,93,,,,,,,,,,,,,,
2010,81,,,81,,,,,,,,,,,,,,
,,73,37,110,,,,,,,,,,,,,,
2011,88,,,88,,,,,,,,,,,,,,
,,89,41,130,,,,,,,,,,,,,,
2012,97,,,97,,,,,,,,,,,,,,
,,113,42,154,,,,,,,,,,,,,,
2013,106,,,106,,,,,,,,,,,,,,
,,135,40,175,,,,,,,,,,,,,,
,,,,,,,,,,,,,,,,,,
"Source: IHS / industry data / OfcomNote: Messaging includes SMS and MMS.",,,,,,,,,,,,,,,,,,
,,,,,,,,,,,,,,,,,,
ICMR 6.18,,,,,,,,,,,,,,,,,,
,,,,,,,,,,,,,,,,,,
Figure 6.18,,,,,,,,,,,,,,,,,,
Data revenue as a proportion of total telecoms revenue: 2008 and 2013,,,,,,,,,,,,,,,,,,
Per cent (%),,,,,,,,,,,,,,,,,,
,,,,,,,,,,,,,,,,,,
,2008,2013,,,,,,,,,,,,,,,,
UK,23,30,,,,,,,,,,,,,,,,
FRA,19,40,,,,,,,,,,,,,,,,
GER,23,40,,,,,,,,,,,,,,,,
ITA,24,36,,,,,,,,,,,,,,,,
USA,24,46,,,,,,,,,,,,,,,,
JPN,40,67,,,,,,,,,,,,,,,,
AUS,39,54,,,,,,,,,,,,,,,,
ESP,20,40,,,,,,,,,,,,,,,,
NED,30,42,,,,,,,,,,,,,,,,
SWE,25,43,,,,,,,,,,,,,,,,
POL,23,39,,,,,,,,,,,,,,,,
SGP,32,45,,,,,,,,,,,,,,,,
KOR,31,51,,,,,,,,,,,,,,,,
BRA,21,37,,,,,,,,,,,,,,,,
RUS,15,32,,,,,,,,,,,,,,,,
IND,13,24,,,,,,,,,,,,,,,,
CHN,27,48,,,,,,,,,,,,,,,,
NGA,4,20,,,,,,,,,,,,,,,,
,,,,,,,,,,,,,,,,,,
Source: IHS / industry data / Ofcom,,,,,,,,,,,,,,,,,,
,,,,,,,,,,,,,,,,,,
ICMR 6.19,,,,,,,,,,,,,,,,,,
,,,,,,,,,,,,,,,,,,
Figure 6.19,,,,,,,,,,,,,,,,,,
"Retail fixed line voice revenues: 2008 to 2013",,,,,,,,,,,,,,,,,,
£ billion,,,,,,,,,,,,,,,,,,
,,,,,,,,,,,,,,,,,,
,2008,2009,2010,2011,2012,2013,,,,,,,,,,,,
USA,43.29,39.71,39.27,36.1,32.63,28.84,,,,,,,,,,,,
JPN,18.03,16.94,15.9,14.84,13.77,13.08,,,,,,,,,,,,
UK,10.52,9.99,9.75,9.32,9.09,9.03,,,,,,,,,,,,
GER,11.2,9.6,9.2,8.8,8.16,7.36,,,,,,,,,,,,
ITA,6.94,6.73,6.12,5.72,5.28,4.76,,,,,,,,,,,,
FRA,8.28,7.56,6.66,5.79,4.94,4.37,,,,,,,,,,,,
ESP,5.43,4.88,4.56,4.21,3.8,3.3,,,,,,,,,,,,
AUS,4.3,4.2,4,3.76,3.47,3.28,,,,,,,,,,,,
NED,1.89,1.84,1.87,1.77,1.64,1.53,,,,,,,,,,,,
SWE,1.4,1.33,1.24,1.11,0.98,0.84,,,,,,,,,,,,
BRA,12.13,11.71,10.9,10.44,9.6,9.1,,,,,,,,,,,,
RUS,5.28,5.18,5.37,5.02,4.94,4.47,,,,,,,,,,,,
CHN,10.14,8.31,6.72,5.42,4.61,4.09,,,,,,,,,,,,
KOR,3.68,3.37,3.17,2.87,2.58,2.37,,,,,,,,,,,,
IND,2.88,2.94,2.97,2.02,1.98,1.96,,,,,,,,,,,,
POL,1.48,1.42,1.19,1.03,0.89,0.85,,,,,,,,,,,,
SGP,0.57,0.54,0.53,0.51,0.5,0.47,,,,,,,,,,,,
NGA,0.14,0.13,0.11,0.08,0.05,0.03,,,,,,,,,,,,
,,,,,,,,,,,,,,,,,,
"Source: IHS / industry data / OfcomNote: Includes managed VoIP revenues.",,,,,,,,,,,,,,,,,,
,,,,,,,,,,,,,,,,,,
ICMR 6.20,,,,,,,,,,,,,,,,,,
,,,,,,,,,,,,,,,,,,
Figure 6.20,,,,,,,,,,,,,,,,,,
Fixed line voice call volumes: 2008 and 2013,,,,,,,,,,,,,,,,,,
Call minutes (millions),,,,,,,,,,,,,,,,,,
,,,,,,,,,,,,,,,,,,
,2008,2013,,,,,,,,,,,,,,,,
UK,158,105,,,,,,,,,,,,,,,,
FRA,107,102,,,,,,,,,,,,,,,,
GER,199,169,,,,,,,,,,,,,,,,
ITA,112,67,,,,,,,,,,,,,,,,
USA,809,469,,,,,,,,,,,,,,,,
JPN,134,133,,,,,,,,,,,,,,,,
AUS,55,40,,,,,,,,,,,,,,,,
ESP,68,53,,,,,,,,,,,,,,,,
NED,24,20,,,,,,,,,,,,,,,,
SWE,27,13,,,,,,,,,,,,,,,,
POL,21,12,,,,,,,,,,,,,,,,
SGP,6,5,,,,,,,,,,,,,,,,
KOR,75,64,,,,,,,,,,,,,,,,
BRA,220,169,,,,,,,,,,,,,,,,
RUS,176,144,,,,,,,,,,,,,,,,
IND,144,68,,,,,,,,,,,,,,,,
CHN,316,148,,,,,,,,,,,,,,,,
NGA,2,0,,,,,,,,,,,,,,,,
,,,,,,,,,,,,,,,,,,
"Source: IHS / industry data / OfcomNote: Includes managed VoIP calls. Figures for USA and CHN include incoming calls. ",,,,,,,,,,,,,,,,,,
,,,,,,,,,,,,,,,,,,
ICMR 6.21,,,,,,,,,,,,,,,,,,
,,,,,,,,,,,,,,,,,,
Figure 6.21,,,,,,,,,,,,,,,,,,
"Monthly outbound minutes per fixed line: 2008 to 2013",,,,,,,,,,,,,,,,,,
Minutes,,,,,,,,,,,,,,,,,,
,,,,,,,,,,,,,,,,,,
,2008,2009,2010,2011,2012,2013,,,,,,,,,,,,
GER,427,418,416,400,384,378,,,,,,,,,,,,
AUS,429,402,394,372,355,324,,,,,,,,,,,,
USA,414,375,338,313,303,288,,,,,,,,,,,,
SWE,427,369,344,323,297,262,,,,,,,,,,,,
ITA,400,361,324,293,280,246,,,,,,,,,,,,
UK,359,329,318,283,260,232,,,,,,,,,,,,
ESP,280,266,271,269,260,232,,,,,,,,,,,,
NED,279,261,251,250,246,232,,,,,,,,,,,,
FRA,220,223,228,228,233,217,,,,,,,,,,,,
JPN,189,198,208,208,202,195,,,,,,,,,,,,
BRA,445,434,421,410,352,314,,,,,,,,,,,,
RUS,322,306,302,290,284,282,,,,,,,,,,,,
SGP,286,271,261,254,239,231,,,,,,,,,,,,
KOR,261,243,224,213,203,195,,,,,,,,,,,,
IND,316,293,246,212,209,188,,,,,,,,,,,,
POL,175,153,150,148,142,135,,,,,,,,,,,,
NGA,114,95,84,88,86,87,,,,,,,,,,,,
CHN,77,70,62,54,47,44,,,,,,,,,,,,
,,,,,,,,,,,,,,,,,,
"Source: IHS / industry data / OfcomNote: Includes managed VoIP calls. Figures for USA and CHN include incoming calls. ",,,,,,,,,,,,,,,,,,
,,,,,,,,,,,,,,,,,,
ICMR 6.22,,,,,,,,,,,,,,,,,,
,,,,,,,,,,,,,,,,,,
Figure 6.22,,,,,,,,,,,,,,,,,,
Incumbent operator’s share of fixed voice call volumes: 2008 and 2013 ,,,,,,,,,,,,,,,,,,
Market share (per cent),,,,,,,,,,,,,,,,,,
,,,,,,,,,,,,,,,,,,
,2008,2013,,,,,,,,,,,,,,,,
UK,46,39,,,,,,,,,,,,,,,,
FRA,72,50,,,,,,,,,,,,,,,,
GER,51,49,,,,,,,,,,,,,,,,
ITA,71,56,,,,,,,,,,,,,,,,
USA,32,20,,,,,,,,,,,,,,,,
JPN,78,68,,,,,,,,,,,,,,,,
AUS,67,57,,,,,,,,,,,,,,,,
ESP,71,50,,,,,,,,,,,,,,,,
NED,65,48,,,,,,,,,,,,,,,,
SWE,55,59,,,,,,,,,,,,,,,,
POL,67,56,,,,,,,,,,,,,,,,
SGP,87,79,,,,,,,,,,,,,,,,
KOR,81,63,,,,,,,,,,,,,,,,
BRA,30,33,,,,,,,,,,,,,,,,
RUS,54,52,,,,,,,,,,,,,,,,
IND,72,60,,,,,,,,,,,,,,,,
CHN,59,56,,,,,,,,,,,,,,,,
NGA,4,16,,,,,,,,,,,,,,,,
,,,,,,,,,,,,,,,,,,
Source: IHS / industry data / Ofcom,,,,,,,,,,,,,,,,,,
,,,,,,,,,,,,,,,,,,
ICMR 6.23,,,,,,,,,,,,,,,,,,
,,,,,,,,,,,,,,,,,,
Figure 6.23,,,,,,,,,,,,,,,,,,
Fixed exchange lines: 2008 and 2013,,,,,,,,,,,,,,,,,,
Lines (millions),,,,,,,,,,,,,,,,,,
,,,,,,,,,,,,,,,,,,
,2008,2013,,,,,,,,,,,,,,,,
UK,34,33,,,,,,,,,,,,,,,,
FRA,26,16,,,,,,,,,,,,,,,,
GER,35,24,,,,,,,,,,,,,,,,
ITA,21,19,,,,,,,,,,,,,,,,
USA,141,85,,,,,,,,,,,,,,,,
JPN,49,31,,,,,,,,,,,,,,,,
AUS,10,10,,,,,,,,,,,,,,,,
ESP,20,16,,,,,,,,,,,,,,,,
NED,4,2,,,,,,,,,,,,,,,,
SWE,4,2,,,,,,,,,,,,,,,,
POL,9,6,,,,,,,,,,,,,,,,
SGP,2,2,,,,,,,,,,,,,,,,
KOR,22,18,,,,,,,,,,,,,,,,
BRA,39,38,,,,,,,,,,,,,,,,
RUS,45,40,,,,,,,,,,,,,,,,
IND,38,29,,,,,,,,,,,,,,,,
CHN,341,267,,,,,,,,,,,,,,,,
NGA,1,0,,,,,,,,,,,,,,,,
,,,,,,,,,,,,,,,,,,
Source: IHS / industry data / Ofcom,,,,,,,,,,,,,,,,,,
,,,,,,,,,,,,,,,,,,
ICMR 6.24,,,,,,,,,,,,,,,,,,
,,,,,,,,,,,,,,,,,,
Figure 6.24,,,,,,,,,,,,,,,,,,
Fixed broadband revenues: 2008 and 2013,,,,,,,,,,,,,,,,,,
Revenue (£bn),,,,,,,,,,,,,,,,,,
,,,,,,,,,,,,,,,,,,
,2008,2013,,,,,,,,,,,,,,,,
UK,3,4,,,,,,,,,,,,,,,,
FRA,2,2,,,,,,,,,,,,,,,,
GER,3,3,,,,,,,,,,,,,,,,
ITA,2,2,,,,,,,,,,,,,,,,
USA,18,29,,,,,,,,,,,,,,,,
JPN,12,23,,,,,,,,,,,,,,,,
AUS,4,4,,,,,,,,,,,,,,,,
ESP,2,3,,,,,,,,,,,,,,,,
NED,1,1,,,,,,,,,,,,,,,,
SWE,1,1,,,,,,,,,,,,,,,,
POL,1,1,,,,,,,,,,,,,,,,
SGP,0,1,,,,,,,,,,,,,,,,
KOR,4,4,,,,,,,,,,,,,,,,
BRA,4,6,,,,,,,,,,,,,,,,
RUS,1,2,,,,,,,,,,,,,,,,
IND,0,1,,,,,,,,,,,,,,,,
CHN,8,18,,,,,,,,,,,,,,,,
NGA,0,0,,,,,,,,,,,,,,,,
,,,,,,,,,,,,,,,,,,
Source: IHS / industry data / Ofcom,,,,,,,,,,,,,,,,,,
,,,,,,,,,,,,,,,,,,
ICMR 6.25,,,,,,,,,,,,,,,,,,
,,,,,,,,,,,,,,,,,,
Figure 6.25,,,,,,,,,,,,,,,,,,
Fixed broadband as a proportion of total fixed revenues: 2008 to 2013,,,,,,,,,,,,,,,,,,
Percentage share,,,,,,,,,,,,,,,,,,
,,,,,,,,,,,,,,,,,,
,2008,2013,,,,,,,,,,,,,,,,
UK,23,31,,,,,,,,,,,,,,,,
FRA,20,36,,,,,,,,,,,,,,,,
GER,21,30,,,,,,,,,,,,,,,,
ITA,24,31,,,,,,,,,,,,,,,,
USA,29,50,,,,,,,,,,,,,,,,
JPN,40,64,,,,,,,,,,,,,,,,
AUS,45,56,,,,,,,,,,,,,,,,
ESP,28,45,,,,,,,,,,,,,,,,
NED,38,47,,,,,,,,,,,,,,,,
SWE,31,50,,,,,,,,,,,,,,,,
POL,30,54,,,,,,,,,,,,,,,,
SGP,38,54,,,,,,,,,,,,,,,,
KOR,49,65,,,,,,,,,,,,,,,,
BRA,26,39,,,,,,,,,,,,,,,,
RUS,16,35,,,,,,,,,,,,,,,,
IND,11,29,,,,,,,,,,,,,,,,
CHN,43,82,,,,,,,,,,,,,,,,
NGA,10,11,,,,,,,,,,,,,,,,
,,,,,,,,,,,,,,,,,,
Source: IHS / industry data / Ofcom,,,,,,,,,,,,,,,,,,
,,,,,,,,,,,,,,,,,,
ICMR 6.26,,,,,,,,,,,,,,,,,,
,,,,,,,,,,,,,,,,,,
Figure 6.26,,,,,,,,,,,,,,,,,,
Retail fixed broadband average revenue per connection: 2008 to 2013,,,,,,,,,,,,,,,,,,
£ per month,,,,,,,,,,,,,,,,,,
,,,,,,,,,,,,,,,,,,
,2008,2009,2010,2011,2012,2013,,,,,,,,,,,,
AUS,57.66,62.59,59.28,60.72,59.82,55.9,,,,,,,,,,,,
JPN,33.86,36.36,38.81,41.01,42.48,44.79,,,,,,,,,,,,
USA,19.87,23.07,24.85,24.25,26.52,26.78,,,,,,,,,,,,
SWE,17.78,15.96,18.54,20.55,22.1,22.41,,,,,,,,,,,,
ESP,19.63,20.26,21.14,20.49,18.9,18.75,,,,,,,,,,,,
NED,16.62,16.57,15.61,15.63,16.56,16.54,,,,,,,,,,,,
UK,15.05,15.06,13.94,14.18,14.65,15.1,,,,,,,,,,,,
ITA,15.41,15.23,14.96,13.8,12.44,12.67,,,,,,,,,,,,
GER,10.79,9.77,9.06,9.13,8.96,9.52,,,,,,,,,,,,
FRA,9.48,8.36,7.46,8.25,8.27,8.31,,,,,,,,,,,,
SGP,29.61,28.73,28,28.12,29.38,29.61,,,,,,,,,,,,
BRA,36.24,34.22,29.2,29.14,25.82,25.65,,,,,,,,,,,,
NGA,18.79,21.73,22.47,23.21,23.95,24.7,,,,,,,,,,,,
KOR,19.08,18.05,18.22,19.25,19.81,20.15,,,,,,,,,,,,
POL,11.19,11.53,11.44,11.32,11.53,11.09,,,,,,,,,,,,
CHN,7.36,8.27,8.17,8.04,8,8.07,,,,,,,,,,,,
RUS,9.31,10.02,9.16,8.92,8.28,8.03,,,,,,,,,,,,
IND,5.3,5.62,5.11,4.28,4.1,4.22,,,,,,,,,,,,
,,,,,,,,,,,,,,,,,,
Source: IHS / industry data / Ofcom,,,,,,,,,,,,,,,,,,
,,,,,,,,,,,,,,,,,,
ICMR 6.27,,,,,,,,,,,,,,,,,,
,,,,,,,,,,,,,,,,,,
Figure 6.27,,,,,,,,,,,,,,,,,,
Fixed broadband connections: 2008 to 2013,,,,,,,,,,,,,,,,,,
Connections (millions),,,,,,,,,,,,,,,,,,
,,,,,,,,,,,,,,,,,,
,2008,2013,,,,,,,,,,,,,,,,
UK,17,23,,,,,,,,,,,,,,,,
FRA,18,25,,,,,,,,,,,,,,,,
GER,23,28,,,,,,,,,,,,,,,,
ITA,12,14,,,,,,,,,,,,,,,,
USA,74,92,,,,,,,,,,,,,,,,
JPN,30,44,,,,,,,,,,,,,,,,
AUS,5,6,,,,,,,,,,,,,,,,
ESP,9,12,,,,,,,,,,,,,,,,
NED,6,7,,,,,,,,,,,,,,,,
SWE,3,3,,,,,,,,,,,,,,,,
POL,5,8,,,,,,,,,,,,,,,,
SGP,1,2,,,,,,,,,,,,,,,,
KOR,16,18,,,,,,,,,,,,,,,,
BRA,10,20,,,,,,,,,,,,,,,,
RUS,9,26,,,,,,,,,,,,,,,,
IND,6,16,,,,,,,,,,,,,,,,
CHN,85,198,,,,,,,,,,,,,,,,
NGA,0,0,,,,,,,,,,,,,,,,
,,,,,,,,,,,,,,,,,,
Source: IHS / industry data / Ofcom,,,,,,,,,,,,,,,,,,
,,,,,,,,,,,,,,,,,,
ICMR 6.28,,,,,,,,,,,,,,,,,,
,,,,,,,,,,,,,,,,,,
Figure 6.28,,,,,,,,,,,,,,,,,,
Retail connection share of the three largest  fixed broadband providers: 2008 to 2013,,,,,,,,,,,,,,,,,,
Percentage share,,,,,,,,,,,,,,,,,,
,,,,,,,,,,,,,,,,,,
,2008,2013,,,,,,,,,,,,,,,,
UK,61,71,,,,,,,,,,,,,,,,
FRA,92,85,,,,,,,,,,,,,,,,
GER,71,67,,,,,,,,,,,,,,,,
ITA,83,80,,,,,,,,,,,,,,,,
USA,51,51,,,,,,,,,,,,,,,,
JPN,72,56,,,,,,,,,,,,,,,,
AUS,69,72,,,,,,,,,,,,,,,,
ESP,86,74,,,,,,,,,,,,,,,,
NED,72,84,,,,,,,,,,,,,,,,
SWE,78,73,,,,,,,,,,,,,,,,
POL,61,46,,,,,,,,,,,,,,,,
SGP,100,100,,,,,,,,,,,,,,,,
KOR,83,86,,,,,,,,,,,,,,,,
BRA,69,78,,,,,,,,,,,,,,,,
RUS,59,64,,,,,,,,,,,,,,,,
IND,84,85,,,,,,,,,,,,,,,,
CHN,94,94,,,,,,,,,,,,,,,,
NGA,N/A,N/A,,,,,,,,,,,,,,,,
,,,,,,,,,,,,,,,,,,
Source: IHS / industry data / Ofcom,,,,,,,,,,,,,,,,,,
,,,,,,,,,,,,,,,,,,
ICMR 6.29,,,,,,,,,,,,,,,,,,
,,,,,,,,,,,,,,,,,,
Figure 6.29,,,,,,,,,,,,,,,,,,
"Total comparator country retail mobile telecoms revenue, by sector: 2008 to 2013",,,,,,,,,,,,,,,,,,
£bn,,,,,,,,,,,,,,,,,,
,,,,,,,,,,,,,,,,,,
,2008,2009,2010,2011,2012,2013,,,,,,,,,,,,
Voice,256,252,250,248,242,232,,,,,,,,,,,,
Messaging,31,34,37,41,42,40,,,,,,,,,,,,
Mobile internet,48,60,73,89,113,135,,,,,,,,,,,,
Total,335,345,360,377,396,407,,,,,,,,,,,,
,,,,,,,,,,,,,,,,,,
"Source: IHS / industry data / OfcomNote: Messaging includes SMS and MMS.",,,,,,,,,,,,,,,,,,
,,,,,,,,,,,,,,,,,,
ICMR 6.30,,,,,,,,,,,,,,,,,,
,,,,,,,,,,,,,,,,,,
Figure 6.30,,,,,,,,,,,,,,,,,,
"Total comparator country retail mobile telecoms revenue, by country type: 2008 to 2013",,,,,,,,,,,,,,,,,,
£bn,,,,,,,,,,,,,,,,,,
,,,,,,,,,,,,,,,,,,
,2008,2009,2010,2011,2012,2013,,,,,,,,,,,,
EU,92,91,90,89,85,79,,,,,,,,,,,,
USA,95,98,102,109,118,121,,,,,,,,,,,,
Asia Pacific,69,69,70,70,72,73,,,,,,,,,,,,
BRIC & Nigeria,79,88,98,110,121,134,,,,,,,,,,,,
Total,335,345,360,377,396,407,,,,,,,,,,,,
,,,,,,,,,,,,,,,,,,
Source: IHS / industry data / Ofcom,,,,,,,,,,,,,,,,,,
,,,,,,,,,,,,,,,,,,
ICMR 6.31,,,,,,,,,,,,,,,,,,
,,,,,,,,,,,,,,,,,,
Figure 6.31,,,,,,,,,,,,,,,,,,
"Retail mobile revenues, by service and country: 2008 and 2013",,,,,,,,,,,,,,,,,,
£bn,,,,,,,,,,,,,,,,,,
,,,,,,,,,,,,,,,,,,
,,Voice,Messaging,Internet,Total,,,,,,,,,,,,,
UK,2008,11.6,2.8,0.6,15,,,,,,,,,,,,,
,2013,11.1,1.8,2.7,15.6,,,,,,,,,,,,,
FRA,2008,14,1.7,1.4,17.1,,,,,,,,,,,,,
,2013,8.2,2,3.8,13.9,,,,,,,,,,,,,
GER,2008,11.7,2.4,1.5,15.5,,,,,,,,,,,,,
,2013,8.5,2.4,5,16,,,,,,,,,,,,,
ITA,2008,12.8,2.2,1.8,16.9,,,,,,,,,,,,,
,2013,7.4,1.7,3,12.1,,,,,,,,,,,,,
USA,2008,74.5,9,11.2,94.7,,,,,,,,,,,,,
,2013,68.4,15.5,37.2,121,,,,,,,,,,,,,
JPN,2008,29.5,0.3,18.9,48.7,,,,,,,,,,,,,
,2013,15.3,0.3,34,49.6,,,,,,,,,,,,,
AUS,2008,5,1.4,0.9,7.3,,,,,,,,,,,,,
,2013,4.1,1.7,2.7,8.5,,,,,,,,,,,,,
ESP,2008,13.8,1.3,1.5,16.5,,,,,,,,,,,,,
,2013,6.1,0.4,3.3,9.8,,,,,,,,,,,,,
NED,2008,3,0.6,0.4,4,,,,,,,,,,,,,
,2013,2.8,0.4,1.5,4.6,,,,,,,,,,,,,
SWE,2008,1.6,0.2,0.2,2,,,,,,,,,,,,,
,2013,1.8,0.3,0.8,2.9,,,,,,,,,,,,,
POL,2008,3.9,0.7,0.3,4.9,,,,,,,,,,,,,
,2013,3,0.6,0.8,4.4,,,,,,,,,,,,,
SGP,2008,1.3,0.4,0.1,1.8,,,,,,,,,,,,,
,2013,1.3,0.3,0.6,2.3,,,,,,,,,,,,,
KOR,2008,9.2,0.4,2,11.6,,,,,,,,,,,,,
,2013,7.1,0.4,4.9,12.5,,,,,,,,,,,,,
BRA,2008,7.7,0.3,0.9,8.8,,,,,,,,,,,,,
,2013,10.3,0.8,4.8,15.9,,,,,,,,,,,,,
RUS,2008,9,0.9,0.6,10.5,,,,,,,,,,,,,
,2013,10.1,1.3,3.3,14.7,,,,,,,,,,,,,
IND,2008,6,0.3,0.6,6.9,,,,,,,,,,,,,
,2013,9.6,0.5,2.3,12.4,,,,,,,,,,,,,
CHN,2008,38,5.8,4.8,48.6,,,,,,,,,,,,,
,2013,51.6,8.6,23.9,84.1,,,,,,,,,,,,,
NGA,2008,3.7,0,0.1,3.8,,,,,,,,,,,,,
,2013,5.4,1.1,0.2,6.7,,,,,,,,,,,,,
,,,,,,,,,,,,,,,,,,
"Source: IHS / industry data / OfcomNote: Messaging includes SMS and MMS.",,,,,,,,,,,,,,,,,,
,,,,,,,,,,,,,,,,,,
ICMR 6.32,,,,,,,,,,,,,,,,,,
,,,,,,,,,,,,,,,,,,
Figure 6.32,,,,,,,,,,,,,,,,,,
Average monthly revenue per mobile connection: 2008 to 2013,,,,,,,,,,,,,,,,,,
£ per month,,,,,,,,,,,,,,,,,,
,,,,,,,,,,,,,,,,,,
,2008,2009,2010,2011,2012,2013,,,,,,,,,,,,
USA,29.2,29.26,29.3,29.56,30.71,30.47,,,,,,,,,,,,
JPN,36.18,34.48,32.67,30.5,29.57,28.82,,,,,,,,,,,,
AUS,26.21,26.74,27.65,26.7,24.98,23.27,,,,,,,,,,,,
NED,15.96,16.34,16.71,17.33,16.9,17.92,,,,,,,,,,,,
SWE,15.31,15.66,16.25,16.63,16.52,16.69,,,,,,,,,,,,
ESP,27.78,25.67,24.01,22.17,19.16,16.22,,,,,,,,,,,,
UK,16.09,15.93,15.61,15.7,15.99,15.57,,,,,,,,,,,,
FRA,24.54,24.05,23.17,21.52,18.79,15.49,,,,,,,,,,,,
GER,12.05,11.61,11.64,11.78,11.76,11.66,,,,,,,,,,,,
ITA,15.32,15.27,14.62,13.15,11.95,10.35,,,,,,,,,,,,
SGP,23.68,23.41,24,23.63,23.08,22.82,,,,,,,,,,,,
KOR,21.17,21.01,20.16,18.52,18.14,18.89,,,,,,,,,,,,
POL,9.31,9.18,8.61,8.16,7.45,6.67,,,,,,,,,,,,
CHN,6.55,6.65,6.36,6.21,5.99,5.98,,,,,,,,,,,,
RUS,4.7,4.66,4.71,4.71,5.05,5.22,,,,,,,,,,,,
BRA,4.84,5.06,4.91,5.09,4.98,4.9,,,,,,,,,,,,
NGA,5.1,6.09,5.88,5.11,4.63,4.62,,,,,,,,,,,,
IND,1.67,1.66,1.19,1.05,1.08,1.19,,,,,,,,,,,,
,,,,,,,,,,,,,,,,,,
Source: IHS / industry data / Ofcom ,,,,,,,,,,,,,,,,,,
,,,,,,,,,,,,,,,,,,
ICMR 6.33,,,,,,,,,,,,,,,,,,
,,,,,,,,,,,,,,,,,,
Figure 6.33,,,,,,,,,,,,,,,,,,
Data as a proportion of total mobile service revenues: 2008 and 2013,,,,,,,,,,,,,,,,,,
Per cent,,,,,,,,,,,,,,,,,,
,,,,,,,,,,,,,,,,,,
,,Messaging,Mobile internet,Total data,,,,,,,,,,,,,,
UK,2008,19,4,23,,,,,,,,,,,,,,
,2013,12,17,29,,,,,,,,,,,,,,
FRA,2008,10,8,18,,,,,,,,,,,,,,
,2013,14,27,41,,,,,,,,,,,,,,
GER,2008,15,9,25,,,,,,,,,,,,,,
,2013,15,31,47,,,,,,,,,,,,,,
ITA,2008,13,11,24,,,,,,,,,,,,,,
,2013,14,25,39,,,,,,,,,,,,,,
USA,2008,10,12,21,,,,,,,,,,,,,,
,2013,13,31,44,,,,,,,,,,,,,,
JPN,2008,1,39,39,,,,,,,,,,,,,,
,2013,1,69,69,,,,,,,,,,,,,,
AUS,2008,19,12,32,,,,,,,,,,,,,,
,2013,20,32,52,,,,,,,,,,,,,,
ESP,2008,8,9,17,,,,,,,,,,,,,,
,2013,4,34,38,,,,,,,,,,,,,,
NED,2008,14,9,24,,,,,,,,,,,,,,
,2013,8,32,40,,,,,,,,,,,,,,
SWE,2008,10,8,19,,,,,,,,,,,,,,
,2013,9,30,39,,,,,,,,,,,,,,
POL,2008,15,6,20,,,,,,,,,,,,,,
,2013,14,18,33,,,,,,,,,,,,,,
SGP,2008,21,8,29,,,,,,,,,,,,,,
,2013,15,26,42,,,,,,,,,,,,,,
KOR,2008,3,17,20,,,,,,,,,,,,,,
,2013,3,40,43,,,,,,,,,,,,,,
BRA,2008,3,10,13,,,,,,,,,,,,,,
,2013,5,30,35,,,,,,,,,,,,,,
RUS,2008,9,6,15,,,,,,,,,,,,,,
,2013,9,22,31,,,,,,,,,,,,,,
IND,2008,4,9,14,,,,,,,,,,,,,,
,2013,4,19,23,,,,,,,,,,,,,,
CHN,2008,12,10,22,,,,,,,,,,,,,,
,2013,10,28,39,,,,,,,,,,,,,,
NGA,2008,1,3,4,,,,,,,,,,,,,,
,2013,17,3,20,,,,,,,,,,,,,,
,,,,,,,,,,,,,,,,,,
"Source: IHS / industry data / OfcomNote: Messaging includes SMS and MMS.",,,,,,,,,,,,,,,,,,
,,,,,,,,,,,,,,,,,,
ICMR 6.34,,,,,,,,,,,,,,,,,,
,,,,,,,,,,,,,,,,,,
Figure 6.34,,,,,,,,,,,,,,,,,,
Data as a proportion of total mobile service revenues: 2008 and 2013,,,,,,,,,,,,,,,,,,
Billions of minutes,,,,,,,,,,,,,,,,,,
,,,,,,,,,,,,,,,,,,
,2008,2013,,,,,,,,,,,,,,,,
UK,119,134,,,,,,,,,,,,,,,,
FRA,102,138,,,,,,,,,,,,,,,,
GER,86,115,,,,,,,,,,,,,,,,
ITA,102,150,,,,,,,,,,,,,,,,
USA,1079,1283,,,,,,,,,,,,,,,,
JPN,185,202,,,,,,,,,,,,,,,,
AUS,22,41,,,,,,,,,,,,,,,,
ESP,71,71,,,,,,,,,,,,,,,,
NED,22,23,,,,,,,,,,,,,,,,
SWE,18,25,,,,,,,,,,,,,,,,
POL,43,76,,,,,,,,,,,,,,,,
SGP,14,18,,,,,,,,,,,,,,,,
KOR,109,120,,,,,,,,,,,,,,,,
BRA,150,433,,,,,,,,,,,,,,,,
RUS,261,462,,,,,,,,,,,,,,,,
IND,688,1899,,,,,,,,,,,,,,,,
CHN,1438,2899,,,,,,,,,,,,,,,,
NGA,32,137,,,,,,,,,,,,,,,,
,,,,,,,,,,,,,,,,,,
Source: IHS / industry data / Ofcom,,,,,,,,,,,,,,,,,,
,,,,,,,,,,,,,,,,,,
ICMR 6.35,,,,,,,,,,,,,,,,,,
,,,,,,,,,,,,,,,,,,
Figure 6.35,,,,,,,,,,,,,,,,,,
Mobile messaging volumes: 2008 and 2013,,,,,,,,,,,,,,,,,,
Billions of messages,,,,,,,,,,,,,,,,,,
,,,,,,,,,,,,,,,,,,
,2008,2013,,,,,,,,,,,,,,,,
UK,87,130,,,,,,,,,,,,,,,,
FRA,35,196,,,,,,,,,,,,,,,,
GER,28,53,,,,,,,,,,,,,,,,
ITA,61,79,,,,,,,,,,,,,,,,
USA,500,983,,,,,,,,,,,,,,,,
JPN,0,0,,,,,,,,,,,,,,,,
AUS,16,29,,,,,,,,,,,,,,,,
ESP,9,4,,,,,,,,,,,,,,,,
NED,4,5,,,,,,,,,,,,,,,,
SWE,10,15,,,,,,,,,,,,,,,,
POL,45,53,,,,,,,,,,,,,,,,
SGP,6,6,,,,,,,,,,,,,,,,
KOR,100,92,,,,,,,,,,,,,,,,
BRA,19,67,,,,,,,,,,,,,,,,
RUS,10,50,,,,,,,,,,,,,,,,
IND,70,290,,,,,,,,,,,,,,,,
CHN,740,963,,,,,,,,,,,,,,,,
NGA,1,42,,,,,,,,,,,,,,,,
,,,,,,,,,,,,,,,,,,
Source: IHS / industry data / OfcomNote: Includes SMS and MMS messages. ,,,,,,,,,,,,,,,,,,
,,,,,,,,,,,,,,,,,,
ICMR 6.36,,,,,,,,,,,,,,,,,,
,,,,,,,,,,,,,,,,,,
Figure 6.36,,,,,,,,,,,,,,,,,,
Mobile connections: 2008 and 2013,,,,,,,,,,,,,,,,,,
Millions,,,,,,,,,,,,,,,,,,
,,,,,,,,,,,,,,,,,,
,2008,2013,,,,,,,,,,,,,,,,
UK,77,84,,,,,,,,,,,,,,,,
FRA,58,77,,,,,,,,,,,,,,,,
GER,107,115,,,,,,,,,,,,,,,,
ITA,92,97,,,,,,,,,,,,,,,,
USA,270,336,,,,,,,,,,,,,,,,
JPN,112,146,,,,,,,,,,,,,,,,
AUS,23,31,,,,,,,,,,,,,,,,
ESP,50,50,,,,,,,,,,,,,,,,
NED,21,22,,,,,,,,,,,,,,,,
SWE,11,14,,,,,,,,,,,,,,,,
POL,44,57,,,,,,,,,,,,,,,,
SGP,6,8,,,,,,,,,,,,,,,,
KOR,46,56,,,,,,,,,,,,,,,,
BRA,152,275,,,,,,,,,,,,,,,,
RUS,187,241,,,,,,,,,,,,,,,,
IND,347,883,,,,,,,,,,,,,,,,
CHN,619,1234,,,,,,,,,,,,,,,,
NGA,62,127,,,,,,,,,,,,,,,,
,,,,,,,,,,,,,,,,,,
Source: IHS / industry data / Ofcom,,,,,,,,,,,,,,,,,,
,,,,,,,,,,,,,,,,,,
ICMR 6.37,,,,,,,,,,,,,,,,,,
,,,,,,,,,,,,,,,,,,
Figure 6.37,,,,,,,,,,,,,,,,,,
"Mobile connections, by type: 2008 and 2013",,,,,,,,,,,,,,,,,,
Millions,,,,,,,,,,,,,,,,,,
,,,,,,,,,,,,,,,,,,
,,Pre-Pay,Post-pay,Total,,,,,,,,,,,,,,
UK,2008,47,30,77,,,,,,,,,,,,,,
,2013,37,47,84,,,,,,,,,,,,,,
FRA,2008,19,39,58,,,,,,,,,,,,,,
,2013,16,61,77,,,,,,,,,,,,,,
GER,2008,61,47,107,,,,,,,,,,,,,,
,2013,59,56,115,,,,,,,,,,,,,,
ITA,2008,77,15,92,,,,,,,,,,,,,,
,2013,72,25,97,,,,,,,,,,,,,,
USA,2008,62,208,270,,,,,,,,,,,,,,
,2013,95,241,336,,,,,,,,,,,,,,
JPN,2008,3,110,112,,,,,,,,,,,,,,
,2013,1,145,146,,,,,,,,,,,,,,
AUS,2008,10,13,23,,,,,,,,,,,,,,
,2013,9,21,31,,,,,,,,,,,,,,
ESP,2008,20,29,50,,,,,,,,,,,,,,
,2013,16,34,50,,,,,,,,,,,,,,
NED,2008,11,10,21,,,,,,,,,,,,,,
,2013,7,15,22,,,,,,,,,,,,,,
SWE,2008,4,6,11,,,,,,,,,,,,,,
,2013,4,10,14,,,,,,,,,,,,,,
POL,2008,24,19,44,,,,,,,,,,,,,,
,2013,31,26,57,,,,,,,,,,,,,,
SGP,2008,3,3,6,,,,,,,,,,,,,,
,2013,4,5,8,,,,,,,,,,,,,,
KOR,2008,1,45,46,,,,,,,,,,,,,,
,2013,1,54,56,,,,,,,,,,,,,,
BRA,2008,124,29,152,,,,,,,,,,,,,,
,2013,212,62,275,,,,,,,,,,,,,,
RUS,2008,166,21,187,,,,,,,,,,,,,,
,2013,198,43,241,,,,,,,,,,,,,,
IND,2008,320,27,347,,,,,,,,,,,,,,
,2013,840,43,883,,,,,,,,,,,,,,
CHN,2008,449,169,619,,,,,,,,,,,,,,
,2013,890,344,1234,,,,,,,,,,,,,,
NGA,2008,62,0,62,,,,,,,,,,,,,,
,2013,126,1,127,,,,,,,,,,,,,,
,,,,,,,,,,,,,,,,,,
Source: IHS / industry data / Ofcom,,,,,,,,,,,,,,,,,,
,,,,,,,,,,,,,,,,,,
ICMR 6.38,,,,,,,,,,,,,,,,,,
,,,,,,,,,,,,,,,,,,
Figure 6.38,,,,,,,,,,,,,,,,,,
Dedicated mobile broadband as a proportion of total mobile connections: 2008 and 2013 ,,,,,,,,,,,,,,,,,,
Per cent,,,,,,,,,,,,,,,,,,
,,,,,,,,,,,,,,,,,,
,2008,2013,,,,,,,,,,,,,,,,
UK,3.3,5.9,,,,,,,,,,,,,,,,
FRA,1.5,4.8,,,,,,,,,,,,,,,,
GER,1.7,7,,,,,,,,,,,,,,,,
ITA,2.9,8.3,,,,,,,,,,,,,,,,
USA,2,7.7,,,,,,,,,,,,,,,,
JPN,2,8.7,,,,,,,,,,,,,,,,
AUS,7.4,19.6,,,,,,,,,,,,,,,,
ESP,2.4,3.9,,,,,,,,,,,,,,,,
NED,1,5.4,,,,,,,,,,,,,,,,
SWE,8.1,15.4,,,,,,,,,,,,,,,,
POL,2.4,7.6,,,,,,,,,,,,,,,,
SGP,2.3,1.7,,,,,,,,,,,,,,,,
KOR,1.8,4.4,,,,,,,,,,,,,,,,
BRA,1.3,2.4,,,,,,,,,,,,,,,,
RUS,4.2,7.7,,,,,,,,,,,,,,,,
IND,0,0.7,,,,,,,,,,,,,,,,
CHN,0,1.3,,,,,,,,,,,,,,,,
NGA,1.8,3.5,,,,,,,,,,,,,,,,
,,,,,,,,,,,,,,,,,,
Source: IHS / industry data / Ofcom,,,,,,,,,,,,,,,,,,
,,,,,,,,,,,,,,,,,,
ICMR 6.39,,,,,,,,,,,,,,,,,,
,,,,,,,,,,,,,,,,,,
Figure 6.39,,,,,,,,,,,,,,,,,,
Per-capita monthly telecoms service revenue: 2008 to 2013,,,,,,,,,,,,,,,,,,
£,,,,,,,,,,,,,,,,,,
,,,,,,,,,,,,,,,,,,
,2008,2009,2010,2011,2012,2013,,,,,,,,,,,,
AUS,59,61,63,63,61,58,,,,,,,,,,,,
JPN,51,51,51,52,53,56,,,,,,,,,,,,
USA,43,43,45,45,48,47,,,,,,,,,,,,
SWE,36,36,38,39,40,39,,,,,,,,,,,,
UK,39,38,37,37,38,37,,,,,,,,,,,,
NED,35,36,36,37,37,37,,,,,,,,,,,,
ESP,43,41,39,37,32,28,,,,,,,,,,,,
GER,30,28,28,28,28,27,,,,,,,,,,,,
FRA,36,35,34,32,30,26,,,,,,,,,,,,
ITA,36,36,34,32,29,26,,,,,,,,,,,,
SGP,47,47,49,50,51,51,,,,,,,,,,,,
KOR,33,32,32,32,32,33,,,,,,,,,,,,
POL,15,15,15,14,14,14,,,,,,,,,,,,
BRA,11,11,11,12,13,13,,,,,,,,,,,,
RUS,10,10,11,11,12,13,,,,,,,,,,,,
CHN,4,4,5,5,6,7,,,,,,,,,,,,
NGA,2,3,3,3,3,3,,,,,,,,,,,,
IND,1,1,1,1,1,1,,,,,,,,,,,,
,,,,,,,,,,,,,,,,,,
"Source: IHS / industry data / OfcomNote: Includes spend by businesses, and is therefore not representative of average consumer spend.",,,,,,,,,,,,,,,,,,
,,,,,,,,,,,,,,,,,,
ICMR 6.40,,,,,,,,,,,,,,,,,,
,,,,,,,,,,,,,,,,,,
Figure 6.40,,,,,,,,,,,,,,,,,,
Regular use of fixed and mobile telephony services,,,,,,,,,,,,,,,,,,
Proportion of respondents (%),,,,,,,,,,,,,,,,,,
,,,,,,,,,,,,,,,,,,
,UK,FRA,GER,ITA,USA,JPN,AUS,ESP,CHN,,,,,,,,,
Fixed-only,9,8,10,3,15,6,8,5,2,,,,,,,,,
Fixed and mobile,50,58,71,58,31,35,44,70,25,,,,,,,,,
Mobile-only,31,24,14,32,39,46,40,20,57,,,,,,,,,
Neither,9,10,5,6,14,13,9,5,16,,,,,,,,,
,,,,,,,,,,,,,,,,,,
"Source: Ofcom consumer research October 2014Base: All respondents, UK=1011, FRA=1027, GER=1006, ITA=1006, USA=1000, JPN=1003, AUS=1000, ESP=1002, CHN=1010. Q6. Which of the following do you regularly do (at least once a week)? ",,,,,,,,,,,,,,,,,,
,,,,,,,,,,,,,,,,,,
ICMR 6.41,,,,,,,,,,,,,,,,,,
,,,,,,,,,,,,,,,,,,
Figure 6.41,,,,,,,,,,,,,,,,,,
Household take-up of fixed and mobile broadband data connections,,,,,,,,,,,,,,,,,,
Proportion of respondents (%),,,,,,,,,,,,,,,,,,
,,,,,,,,,,,,,,,,,,
 ,UK,FRA,GER,ITA,USA,JPN,AUS,ESP,CHN,,,,,,,,,
Fixed broadband only,80,83,74,46,75,77,60,59,67,,,,,,,,,
Fixed and mobile broadband,13,11,14,29,9,13,20,28,24,,,,,,,,,
Mobile broadband only,7,6,13,26,16,10,20,13,9,,,,,,,,,
,,,,,,,,,,,,,,,,,,
"Source: Ofcom consumer research October 2014 Base: All respondents with broadband, UK=929, FRA=945, GER=844, ITA=877, USA=747, JPN=737, AUS=910, ESP=903, CHN=923. Q3b. Which of the following services do you have in your home?",,,,,,,,,,,,,,,,,,
,,,,,,,,,,,,,,,,,,
ICMR 6.42,,,,,,,,,,,,,,,,,,
,,,,,,,,,,,,,,,,,,
Figure 6.42,,,,,,,,,,,,,,,,,,
"Proportion of respondents using VoIP services at least one a week
",,,,,,,,,,,,,,,,,,
Proportion of fixed and mobile data users (%),,,,,,,,,,,,,,,,,,
,,,,,,,,,,,,,,,,,,
 , At least once a week,,,,,,,,,,,,,,,,,
UK,18,,,,,,,,,,,,,,,,,
FRA,16,,,,,,,,,,,,,,,,,
GER,15,,,,,,,,,,,,,,,,,
ITA,25,,,,,,,,,,,,,,,,,
USA,24,,,,,,,,,,,,,,,,,
JPN,24,,,,,,,,,,,,,,,,,
AUS,22,,,,,,,,,,,,,,,,,
ESP,19,,,,,,,,,,,,,,,,,
CHN,41,,,,,,,,,,,,,,,,,
,,,,,,,,,,,,,,,,,,
"Source: Ofcom consumer research October 2014
Base: All respondents with mobile broadband internet access or those who access the internet access via a mobile handset, UK=339, FRA=361, GER=383, ITA=662, USA=284, JPN=250, AUS=464, ESP=620, CHN=568 
Q.27 How often, if at all, do you use your main mobile phone to do each of the following?
",,,,,,,,,,,,,,,,,,
,,,,,,,,,,,,,,,,,,
ICMR 6.43,,,,,,,,,,,,,,,,,,
,,,,,,,,,,,,,,,,,,
Figure 6.43,,,,,,,,,,,,,,,,,,
Average monthly per-capita fixed voice revenue: 2008 to 2013,,,,,,,,,,,,,,,,,,
£ per capita,,,,,,,,,,,,,,,,,,
,,,,,,,,,,,,,,,,,,
,2008,2009,2010,2011,2012,2013,,,,,,,,,,,,
AUS,16.57,16.03,15.01,13.88,12.64,11.78,,,,,,,,,,,,
UK,14.18,13.41,12.99,12.32,11.93,11.77,,,,,,,,,,,,
JPN,11.72,11.02,10.34,9.67,8.99,8.56,,,,,,,,,,,,
USA,11.83,10.81,10.6,9.67,8.67,7.61,,,,,,,,,,,,
NED,9.53,9.26,9.41,8.86,8.21,7.61,,,,,,,,,,,,
GER,11.37,9.76,9.37,8.97,8.31,7.48,,,,,,,,,,,,
SWE,12.61,11.98,11.02,9.82,8.61,7.33,,,,,,,,,,,,
ITA,9.66,9.33,8.45,7.87,7.23,6.51,,,,,,,,,,,,
ESP,9.79,8.75,8.11,7.44,6.7,5.84,,,,,,,,,,,,
FRA,10.78,9.83,8.62,7.45,6.33,5.57,,,,,,,,,,,,
SGP,9.88,9.22,8.79,8.35,7.87,7.38,,,,,,,,,,,,
KOR,6.4,5.85,5.47,4.92,4.41,4.01,,,,,,,,,,,,
BRA,5.27,5.07,4.67,4.44,4.04,3.8,,,,,,,,,,,,
RUS,3.11,3.06,3.18,2.95,2.87,2.61,,,,,,,,,,,,
POL,3.24,3.11,2.59,2.24,1.94,1.85,,,,,,,,,,,,
CHN,0.64,0.52,0.42,0.34,0.28,0.25,,,,,,,,,,,,
IND,0.2,0.21,0.21,0.14,0.13,0.13,,,,,,,,,,,,
NGA,0.08,0.07,0.06,0.04,0.02,0.02,,,,,,,,,,,,
,,,,,,,,,,,,,,,,,,
"Source: IHS / industry data / Ofcom
Note: Includes managed VoIP revenues. 
",,,,,,,,,,,,,,,,,,
,,,,,,,,,,,,,,,,,,
ICMR 6.44,,,,,,,,,,,,,,,,,,
,,,,,,,,,,,,,,,,,,
Figure 6.44,,,,,,,,,,,,,,,,,,
"Average price of a fixed voice call minute: 2008 to 2013
",,,,,,,,,,,,,,,,,,
Pence per minute,,,,,,,,,,,,,,,,,,
,,,,,,,,,,,,,,,,,,
,2008,2009,2010,2011,2012,2013,,,,,,,,,,,,
JPN,13.5,12.1,11,10.3,9.9,9.8,,,,,,,,,,,,
UK,6.6,6.9,7,7.4,7.8,8.6,,,,,,,,,,,,
AUS,7.8,8.1,8,8,7.8,8.2,,,,,,,,,,,,
NED,7.7,8,8.6,8.2,7.7,7.6,,,,,,,,,,,,
ITA,6.2,6.5,6.4,6.8,6.8,7.1,,,,,,,,,,,,
SWE,5.2,5.9,6.1,6.2,6.4,6.6,,,,,,,,,,,,
ESP,7.9,7.5,7,6.6,6.2,6.2,,,,,,,,,,,,
USA,5.4,5.6,6.4,6.6,6.4,6.1,,,,,,,,,,,,
GER,5.6,4.9,4.8,4.8,4.7,4.4,,,,,,,,,,,,
FRA,7.7,6.9,6,5.3,4.4,4.3,,,,,,,,,,,,
SGP,8.9,8.9,8.7,8.4,8.6,8.6,,,,,,,,,,,,
NGA,7.6,8.2,9.1,8.4,8.5,8.3,,,,,,,,,,,,
POL,7.1,8.1,7.4,7,6.8,7.4,,,,,,,,,,,,
BRA,5.5,5.4,5.2,5,5.2,5.4,,,,,,,,,,,,
KOR,4.9,4.7,4.6,4.2,3.9,3.7,,,,,,,,,,,,
RUS,3,3.1,3.3,3.2,3.3,3.1,,,,,,,,,,,,
IND,2,2.2,2.8,2.3,2.5,2.9,,,,,,,,,,,,
CHN,3.2,3,2.9,2.8,2.8,2.8,,,,,,,,,,,,
,,,,,,,,,,,,,,,,,,
Source: IHS / industry data / Ofcom Note: Includes managed VoIP calls; figures for USA and CHN include incoming calls.,,,,,,,,,,,,,,,,,,
,,,,,,,,,,,,,,,,,,
ICMR 6.45,,,,,,,,,,,,,,,,,,
,,,,,,,,,,,,,,,,,,
Figure 6.45,,,,,,,,,,,,,,,,,,
Per capita monthly fixed voice call minutes: 2008 to 2013,,,,,,,,,,,,,,,,,,
Minutes,,,,,,,,,,,,,,,,,,
,,,,,,,,,,,,,,,,,,
,2008,2009,2010,2011,2012,2013,,,,,,,,,,,,
GER,202,198,197,187,177,172,,,,,,,,,,,,
AUS,214,197,188,173,162,144,,,,,,,,,,,,
UK,213,194,186,166,152,137,,,,,,,,,,,,
FRA,140,142,144,142,143,131,,,,,,,,,,,,
USA,221,193,166,147,136,124,,,,,,,,,,,,
SWE,241,203,179,158,136,111,,,,,,,,,,,,
NED,124,115,110,108,106,100,,,,,,,,,,,,
ESP,124,116,116,113,108,94,,,,,,,,,,,,
ITA,156,144,131,116,107,92,,,,,,,,,,,,
JPN,87,91,94,94,91,87,,,,,,,,,,,,
KOR,130,124,119,117,113,108,,,,,,,,,,,,
SGP,111,104,101,99,91,85,,,,,,,,,,,,
RUS,104,99,97,91,87,84,,,,,,,,,,,,
BRA,95,93,91,89,78,70,,,,,,,,,,,,
POL,46,38,35,32,28,25,,,,,,,,,,,,
CHN,20,17,14,12,10,9,,,,,,,,,,,,
IND,10,9,7,6,5,5,,,,,,,,,,,,
NGA,1,1,1,0,0,0,,,,,,,,,,,,
,,,,,,,,,,,,,,,,,,
Source: IHS / industry data / Ofcom Note: Includes managed VoIP calls; figures for USA and CHN include incoming calls.,,,,,,,,,,,,,,,,,,
,,,,,,,,,,,,,,,,,,
ICMR 6.46,,,,,,,,,,,,,,,,,,
,,,,,,,,,,,,,,,,,,
Figure 6.46,,,,,,,,,,,,,,,,,,
Household take-up and personal use of fixed telephony services,,,,,,,,,,,,,,,,,,
Proportion of respondents (%),,,,,,,,,,,,,,,,,,
,,,,,,,,,,,,,,,,,,
 ,UK,FRA,GER,ITA,USA,JPN,AUS,ESP,CHN,,,,,,,,,
Landline at home,78,72,83,71,50,68,69,82,40,,,,,,,,,
Regularly use a landline,60,66,81,62,47,41,52,75,27,,,,,,,,,
,,,,,,,,,,,,,,,,,,
"Source: Ofcom consumer research October 2014
Base: All respondents, UK=1011, FRA=1027, GER=1006, ITA=1006, USA=1000, JPN=1003, AUS=1000, ESP=1002, CHN=1010. 
Q3b.  Which of the following SERVICES do you have in your home? Q9a. Which, if any, of the following internet activities do you use each of your devices for?",,,,,,,,,,,,,,,,,,
,,,,,,,,,,,,,,,,,,
ICMR 6.47,,,,,,,,,,,,,,,,,,
,,,,,,,,,,,,,,,,,,
Figure 6.47,,,,,,,,,,,,,,,,,,
Fixed telephony lines per 100 population: 2008 and 2013,,,,,,,,,,,,,,,,,,
Lines per 100 population,,,,,,,,,,,,,,,,,,
,,,,,,,,,,,,,,,,,,
,2008,2009,2010,2011,2012,2013,,,,,,,,,,,,
UK,55.31,53.82,53.23,52.54,52.14,51.98,,,,,,,,,,,,
FRA,41.13,37.47,33.45,29.69,26.61,23.75,,,,,,,,,,,,
GER,42.09,39.56,37.19,34.59,32.08,28.94,,,,,,,,,,,,
ITA,35.13,35.26,35.18,33.91,32.89,31.49,,,,,,,,,,,,
USA,46.24,41.27,38.02,34.15,30.56,26.75,,,,,,,,,,,,
JPN,37.99,34.94,31.92,29.17,26.6,24.44,,,,,,,,,,,,
AUS,48.13,46.45,44.77,43.55,42.53,41.24,,,,,,,,,,,,
ESP,42.57,40.99,40.01,38.77,37.04,35.03,,,,,,,,,,,,
NED,26.74,23.51,20.64,17.73,14.87,12.18,,,,,,,,,,,,
SWE,48.42,43.36,38.09,33.52,28.72,24.61,,,,,,,,,,,,
POL,23.83,20.95,20,18.45,16.44,14.71,,,,,,,,,,,,
SGP,35.14,34.45,35.04,34.33,31.55,28.77,,,,,,,,,,,,
KOR,46.49,41.71,39.78,38.71,37.67,36.09,,,,,,,,,,,,
BRA,20.46,20.04,19.89,19.75,19.59,19.1,,,,,,,,,,,,
RUS,32.16,32.06,31.77,30.39,29.49,28.26,,,,,,,,,,,,
IND,3.23,3.11,2.91,2.68,2.49,2.31,,,,,,,,,,,,
CHN,25.66,23.51,21.95,21.16,20.54,19.62,,,,,,,,,,,,
NGA,0.86,0.91,0.66,0.44,0.25,0.21,,,,,,,,,,,,
,,,,,,,,,,,,,,,,,,
Source: IHS / industry data / Ofcom,,,,,,,,,,,,,,,,,,
,,,,,,,,,,,,,,,,,,
ICMR 6.48,,,,,,,,,,,,,,,,,,
,,,,,,,,,,,,,,,,,,
Figure 6.48,,,,,,,,,,,,,,,,,,
"Fixed broadband availability: 2008 and 2013
",,,,,,,,,,,,,,,,,,
Population coverage (per cent),,,,,,,,,,,,,,,,,,
,,,,,,,,,,,,,,,,,,
,2008,2013,,,,,,,,,,,,,,,,
UK,100,100,,,,,,,,,,,,,,,,
FRA,99,100,,,,,,,,,,,,,,,,
GER,95,97,,,,,,,,,,,,,,,,
ITA,95,99,,,,,,,,,,,,,,,,
USA,93,94,,,,,,,,,,,,,,,,
JPN,99,100,,,,,,,,,,,,,,,,
AUS,95,95,,,,,,,,,,,,,,,,
ESP,93,97,,,,,,,,,,,,,,,,
NED,99,100,,,,,,,,,,,,,,,,
SWE,98,99,,,,,,,,,,,,,,,,
POL,60,88,,,,,,,,,,,,,,,,
SGP,100,100,,,,,,,,,,,,,,,,
KOR,100,100,,,,,,,,,,,,,,,,
BRA,74,100,,,,,,,,,,,,,,,,
RUS,62,85,,,,,,,,,,,,,,,,
IND,53,57,,,,,,,,,,,,,,,,
CHN,64,84,,,,,,,,,,,,,,,,
NGA,3,5,,,,,,,,,,,,,,,,
,,,,,,,,,,,,,,,,,,
Source: IHS / industry data / Ofcom,,,,,,,,,,,,,,,,,,
,,,,,,,,,,,,,,,,,,
ICMR 6.49,,,,,,,,,,,,,,,,,,
,,,,,,,,,,,,,,,,,,
Figure 6.49,,,,,,,,,,,,,,,,,,
Average per-capita fixed broadband revenue: 2008 to 2013,,,,,,,,,,,,,,,,,,
£ per year,,,,,,,,,,,,,,,,,,
,2008,2009,2010,2011,2012,2013,,,,,,,,,,,,
AUS,14,15,14,15,15,15,,,,,,,,,,,,
JPN,8,9,10,11,13,15,,,,,,,,,,,,
USA,5,6,7,7,7,8,,,,,,,,,,,,
SWE,6,5,6,7,7,7,,,,,,,,,,,,
NED,6,6,6,6,7,7,,,,,,,,,,,,
UK,4,4,4,5,5,5,,,,,,,,,,,,
ESP,4,4,5,5,4,5,,,,,,,,,,,,
GER,3,3,3,3,3,3,,,,,,,,,,,,
FRA,3,2,2,3,3,3,,,,,,,,,,,,
ITA,3,3,3,3,3,3,,,,,,,,,,,,
SGP,6,6,7,7,8,9,,,,,,,,,,,,
KOR,6,6,6,7,7,7,,,,,,,,,,,,
BRA,2,2,2,2,2,2,,,,,,,,,,,,
POL,1,1,2,2,2,2,,,,,,,,,,,,
RUS,1,1,1,1,1,1,,,,,,,,,,,,
CHN,0,1,1,1,1,1,,,,,,,,,,,,
IND,0,0,0,0,0,0,,,,,,,,,,,,
NGA,0,0,0,0,0,0,,,,,,,,,,,,
,,,,,,,,,,,,,,,,,,
Source: IHS / industry data / Ofcom,,,,,,,,,,,,,,,,,,
,,,,,,,,,,,,,,,,,,
ICMR 6.50,,,,,,,,,,,,,,,,,,
,,,,,,,,,,,,,,,,,,
Figure 6.50,,,,,,,,,,,,,,,,,,
Average monthly fixed broadband data volume per person: 2008 to 2013,,,,,,,,,,,,,,,,,,
GB per month,,,,,,,,,,,,,,,,,,
,,,,,,,,,,,,,,,,,,
,2008,2013,,,,,,,,,,,,,,,,
UK,2.1,11,,,,,,,,,,,,,,,,
FRA,2.2,10.1,,,,,,,,,,,,,,,,
GER,2,8.6,,,,,,,,,,,,,,,,
ITA,1.6,6.4,,,,,,,,,,,,,,,,
USA,2,15.1,,,,,,,,,,,,,,,,
JPN,12.3,27.2,,,,,,,,,,,,,,,,
AUS,1.3,8,,,,,,,,,,,,,,,,
ESP,1.4,7.1,,,,,,,,,,,,,,,,
NED,3.6,14.7,,,,,,,,,,,,,,,,
SWE,4,24.4,,,,,,,,,,,,,,,,
POL,0.5,3.7,,,,,,,,,,,,,,,,
SGP,5.3,19.7,,,,,,,,,,,,,,,,
KOR,18.4,42.9,,,,,,,,,,,,,,,,
BRA,0.1,2,,,,,,,,,,,,,,,,
RUS,0.5,3.4,,,,,,,,,,,,,,,,
IND,0,0.1,,,,,,,,,,,,,,,,
CHN,0.1,2.4,,,,,,,,,,,,,,,,
NGA,0,0,,,,,,,,,,,,,,,,
,,,,,,,,,,,,,,,,,,
Source: IHS / industry data / Ofcom,,,,,,,,,,,,,,,,,,
,,,,,,,,,,,,,,,,,,
ICMR 6.51,,,,,,,,,,,,,,,,,,
,,,,,,,,,,,,,,,,,,
Figure 6.51,,,,,,,,,,,,,,,,,,
Fixed broadband connections per 100 population: 2008 to 2013,,,,,,,,,,,,,,,,,,
Connections per 100 population,,,,,,,,,,,,,,,,,,
,,,,,,,,,,,,,,,,,,
,2008,2009,2010,2011,2012,2013,,,,,,,,,,,,
NED,36,37,39,40,40,41,,,,,,,,,,,,
FRA,28,31,33,34,36,38,,,,,,,,,,,,
UK,28,29,31,33,34,36,,,,,,,,,,,,
JPN,23,25,27,29,32,35,,,,,,,,,,,,
GER,28,30,32,33,34,34,,,,,,,,,,,,
SWE,31,32,32,32,32,34,,,,,,,,,,,,
USA,24,26,27,27,28,29,,,,,,,,,,,,
AUS,24,24,25,25,26,28,,,,,,,,,,,,
ESP,19,21,22,23,24,26,,,,,,,,,,,,
ITA,19,21,22,23,23,23,,,,,,,,,,,,
KOR,32,34,35,37,37,37,,,,,,,,,,,,
SGP,20,22,25,25,28,30,,,,,,,,,,,,
POL,12,13,15,16,19,21,,,,,,,,,,,,
RUS,6,9,11,14,16,18,,,,,,,,,,,,
CHN,6,8,10,12,13,15,,,,,,,,,,,,
BRA,5,6,7,8,9,10,,,,,,,,,,,,
IND,0,1,1,1,1,1,,,,,,,,,,,,
NGA,0,0,0,0,0,0,,,,,,,,,,,,
,,,,,,,,,,,,,,,,,,
Source: IHS / industry data / Ofcom,,,,,,,,,,,,,,,,,,
,,,,,,,,,,,,,,,,,,
ICMR 6.52,,,,,,,,,,,,,,,,,,
,,,,,,,,,,,,,,,,,,
Figure 6.52,,,,,,,,,,,,,,,,,,
Satisfaction with fixed broadband service,,,,,,,,,,,,,,,,,,
Proportion of fixed broadband users (%),,,,,,,,,,,,,,,,,,
,,,,,,,,,,,,,,,,,,
 ,UK,FRA,GER,ITA,USA,JPN,AUS,ESP,CHN,,,,,,,,,
Overall service,76,77,69,66,79,55,77,64,72,,,,,,,,,
Reliability of connection,74,72,73,64,78,56,71,62,69,,,,,,,,,
Download speeds,72,64,68,61,75,50,71,60,62,,,,,,,,,
Good connection with more than one device,70,66,67,60,72,45,66,57,61,,,,,,,,,
Upload speeds,68,67,66,59,73,49,68,60,58,,,,,,,,,
Value for money,67,62,65,55,60,37,64,49,62,,,,,,,,,
,,,,,,,,,,,,,,,,,,
"Source: Ofcom consumer research October 2014
Base: All respondents with fixed broadband, UK=861, FRA=885, GER=738, ITA=640, USA=638, JPN=664, AUS=727, ESP=785, CHN=843 
Q.30 To what extent are you satisfied or dissatisfied with the following aspects of your current home broadband service?
",,,,,,,,,,,,,,,,,,
,,,,,,,,,,,,,,,,,,
ICMR 6.53,,,,,,,,,,,,,,,,,,
,,,,,,,,,,,,,,,,,,
Figure 6.53,,,,,,,,,,,,,,,,,,
"2G, 3G and LTE mobile network availability: end of 2013 ",,,,,,,,,,,,,,,,,,
Population coverage (per cent),,,,,,,,,,,,,,,,,,
,,,,,,,,,,,,,,,,,,
,2G,3G,LTE,,,,,,,,,,,,,,,
UK,100%,99%,63%,,,,,,,,,,,,,,,
FRA,100%,100%,68%,,,,,,,,,,,,,,,
GER,99%,92%,81%,,,,,,,,,,,,,,,
ITA,100%,97%,39%,,,,,,,,,,,,,,,
USA,100%,99%,97%,,,,,,,,,,,,,,,
JPN,100%,100%,82%,,,,,,,,,,,,,,,
AUS,99%,99%,85%,,,,,,,,,,,,,,,
ESP,100%,99%,47%,,,,,,,,,,,,,,,
NED,100%,99%,90%,,,,,,,,,,,,,,,
SWE,100%,100%,99%,,,,,,,,,,,,,,,
POL,100%,98%,66%,,,,,,,,,,,,,,,
SGP,100%,100%,100%,,,,,,,,,,,,,,,
KOR,100%,100%,100%,,,,,,,,,,,,,,,
BRA,100%,91%,32%,,,,,,,,,,,,,,,
RUS,93%,76%,36%,,,,,,,,,,,,,,,
IND,87%,26%,1%,,,,,,,,,,,,,,,
CHN,99%,80%,1%,,,,,,,,,,,,,,,
NGA,96%,55%,9%,,,,,,,,,,,,,,,
,,,,,,,,,,,,,,,,,,
Source: IHS / industry data / Ofcom,,,,,,,,,,,,,,,,,,
,,,,,,,,,,,,,,,,,,
ICMR 6.54,,,,,,,,,,,,,,,,,,
,,,,,,,,,,,,,,,,,,
Figure 6.54,,,,,,,,,,,,,,,,,,
Average per-capita monthly retail mobile revenue: 2008 to 2013,,,,,,,,,,,,,,,,,,
£ per month,,,,,,,,,,,,,,,,,,
,,,,,,,,,,,,,,,,,,
,2008,2009,2010,2011,2012,2013,,,,,,,,,,,,
JPN,31.62,30.71,30.55,30.52,31.71,32.43,,,,,,,,,,,,
USA,25.89,26.55,27.61,29.08,31.47,31.94,,,,,,,,,,,,
AUS,28.2,29.89,33.31,34.08,32.81,30.66,,,,,,,,,,,,
SWE,18.06,19.12,21.24,23.04,23.82,24.62,,,,,,,,,,,,
NED,19.95,20.42,20.8,22.12,22.03,23.12,,,,,,,,,,,,
UK,20.17,20.3,20.24,20.43,20.87,20.34,,,,,,,,,,,,
FRA,22.25,22.41,22.74,22.19,20.45,17.76,,,,,,,,,,,,
ESP,29.87,27.82,26.23,24.47,20.95,17.34,,,,,,,,,,,,
ITA,23.47,23.16,22.34,20.68,19.04,16.53,,,,,,,,,,,,
GER,15.73,15.26,15.45,16.06,16.33,16.23,,,,,,,,,,,,
SGP,30.97,31.49,33.8,34.61,34.78,35.11,,,,,,,,,,,,
KOR,20.17,20.47,20.59,19.82,20.01,21.16,,,,,,,,,,,,
POL,10.7,10.66,10.35,10.37,10.14,9.65,,,,,,,,,,,,
RUS,6.2,6.49,7.1,7.37,8.02,8.58,,,,,,,,,,,,
BRA,3.84,4.32,4.83,5.88,6.44,6.63,,,,,,,,,,,,
CHN,3.05,3.36,3.73,4.2,4.62,5.16,,,,,,,,,,,,
NGA,2.1,2.69,2.99,2.88,2.89,3.24,,,,,,,,,,,,
IND,0.49,0.61,0.63,0.7,0.76,0.83,,,,,,,,,,,,
,,,,,,,,,,,,,,,,,,
Source: IHS / industry data / Ofcom,,,,,,,,,,,,,,,,,,
,,,,,,,,,,,,,,,,,,
ICMR 6.55,,,,,,,,,,,,,,,,,,
,,,,,,,,,,,,,,,,,,
Figure 6.55,,,,,,,,,,,,,,,,,,
Per-capita mobile data average revenue: 2008 and 2013 ,,,,,,,,,,,,,,,,,,
£ per year,,,,,,,,,,,,,,,,,,
,,,,,,,,,,,,,,,,,,
,,Messaging,Mobile internet,Total,,,,,,,,,,,,,,
UK,2008,4,1,5,,,,,,,,,,,,,,
,2013,2,3,6,,,,,,,,,,,,,,
FRA,2008,2,2,4,,,,,,,,,,,,,,
,2013,3,5,7,,,,,,,,,,,,,,
GER,2008,2,1,4,,,,,,,,,,,,,,
,2013,2,5,8,,,,,,,,,,,,,,
ITA,2008,3,2,6,,,,,,,,,,,,,,
,2013,2,4,6,,,,,,,,,,,,,,
USA,2008,2,3,6,,,,,,,,,,,,,,
,2013,4,10,14,,,,,,,,,,,,,,
JPN,2008,0,12,12,,,,,,,,,,,,,,
,2013,0,22,22,,,,,,,,,,,,,,
AUS,2008,5,3,9,,,,,,,,,,,,,,
,2013,6,10,16,,,,,,,,,,,,,,
ESP,2008,2,3,5,,,,,,,,,,,,,,
,2013,1,6,7,,,,,,,,,,,,,,
NED,2008,3,2,5,,,,,,,,,,,,,,
,2013,2,7,9,,,,,,,,,,,,,,
SWE,2008,2,2,3,,,,,,,,,,,,,,
,2013,2,7,10,,,,,,,,,,,,,,
POL,2008,2,1,2,,,,,,,,,,,,,,
,2013,1,2,3,,,,,,,,,,,,,,
SGP,2008,6,3,9,,,,,,,,,,,,,,
,2013,5,9,15,,,,,,,,,,,,,,
KOR,2008,1,3,4,,,,,,,,,,,,,,
,2013,1,8,9,,,,,,,,,,,,,,
BRA,2008,0,0,0,,,,,,,,,,,,,,
,2013,0,2,2,,,,,,,,,,,,,,
RUS,2008,1,0,1,,,,,,,,,,,,,,
,2013,1,2,3,,,,,,,,,,,,,,
IND,2008,0,0,0,,,,,,,,,,,,,,
,2013,0,0,0,,,,,,,,,,,,,,
CHN,2008,0,0,1,,,,,,,,,,,,,,
,2013,1,1,2,,,,,,,,,,,,,,
NGA,2008,0,0,0,,,,,,,,,,,,,,
,2013,1,0,1,,,,,,,,,,,,,,
,,,,,,,,,,,,,,,,,,
Source: IHS / industry data / Ofcom,,,,,,,,,,,,,,,,,,
,,,,,,,,,,,,,,,,,,
ICMR 6.56,,,,,,,,,,,,,,,,,,
,,,,,,,,,,,,,,,,,,
Figure 6.56,,,,,,,,,,,,,,,,,,
Use of data services on mobile phones,,,,,,,,,,,,,,,,,,
Proportion of mobile users (%),,,,,,,,,,,,,,,,,,
,,,,,,,,,,,,,,,,,,
,UK,FRA,GER,ITA,USA,JPN,AUS,ESP,CHN,,,,,,,,,
SMS,88,86,85,92,72,50,90,72,79,,,,,,,,,
Email,46,39,37,61,42,63,46,55,49,,,,,,,,,
Instant messaging,36,21,31,64,29,23,41,66,79,,,,,,,,,
Checking in' on Social networks,23,19,16,33,23,17,29,34,55,,,,,,,,,
Twitter,19,15,14,37,18,22,17,32,32,,,,,,,,,
,,,,,,,,,,,,,,,,,,
"Source: Ofcom consumer research October 2014
Base: All respondents with a mobile phone, UK=827, FRA=797, GER=861, ITA=890, USA=748, JPN=801, AUS=869, ESP=866, CHN=853. 
Q9b. Which, if any, of the following ways of communicating over the internet do you use each of your devices for? 
Q9e. Which, if any, of the following do you use your mobile phone or smartphone for?
",,,,,,,,,,,,,,,,,,
,,,,,,,,,,,,,,,,,,
ICMR 6.57,,,,,,,,,,,,,,,,,,
,,,,,,,,,,,,,,,,,,
Figure 6.57,,,,,,,,,,,,,,,,,,
Mobile phone connectivity,,,,,,,,,,,,,,,,,,
Proportion of mobile users (%),,,,,,,,,,,,,,,,,,
,,,,,,,,,,,,,,,,,,
 ,UK,FRA,GER,ITA,USA,JPN,AUS,ESP,CHN,,,,,,,,,
I always have a mobile signal when I want to make a call,64,69,71,64,72,67,68,68,69,,,,,,,,,
I can always connect to the internet when I want to,58,56,65,61,71,65,66,64,79,,,,,,,,,
My internet connection is always fast enough for what I do online,57,51,56,70,70,45,59,57,56,,,,,,,,,
My connection speed varies according to the time of day,48,53,38,64,45,46,49,43,73,,,,,,,,,
,,,,,,,,,,,,,,,,,,
"Source: Ofcom consumer research October 2014
Base: All respondents with a mobile phone/ smartphone, UK=827, FRA=797, GER=861, ITA=890, USA=748, JPN=801, AUS=869, ESP=866, CHN=853
Q.10 Thinking about when you use your mobile phone, please select an answer to each of the following...
",,,,,,,,,,,,,,,,,,
,,,,,,,,,,,,,,,,,,
ICMR 6.58,,,,,,,,,,,,,,,,,,
,,,,,,,,,,,,,,,,,,
Figure 6.58,,,,,,,,,,,,,,,,,,
Average number of monthly mobile messages per head: 2008 to 2013,,,,,,,,,,,,,,,,,,
Minutes per month,,,,,,,,,,,,,,,,,,
,,,,,,,,,,,,,,,,,,
,2008,2009,2010,2011,2012,2013,,,,,,,,,,,,
USA,295,303,296,301,300,339,,,,,,,,,,,,
SWE,163,178,198,205,215,222,,,,,,,,,,,,
ITA,143,153,170,187,198,205,,,,,,,,,,,,
FRA,133,131,133,136,153,175,,,,,,,,,,,,
UK,160,170,175,174,174,175,,,,,,,,,,,,
AUS,83,94,102,119,137,149,,,,,,,,,,,,
JPN,120,131,144,147,143,132,,,,,,,,,,,,
ESP,128,127,127,128,124,126,,,,,,,,,,,,
GER,87,95,104,109,112,117,,,,,,,,,,,,
NED,110,112,114,114,112,115,,,,,,,,,,,,
SGP,246,258,276,284,288,279,,,,,,,,,,,,
RUS,154,172,198,224,250,269,,,,,,,,,,,,
KOR,191,192,203,207,197,203,,,,,,,,,,,,
BRA,65,79,108,132,164,181,,,,,,,,,,,,
CHN,90,107,132,152,170,178,,,,,,,,,,,,
POL,93,108,126,139,150,165,,,,,,,,,,,,
IND,49,74,92,109,120,127,,,,,,,,,,,,
NGA,17,22,24,29,41,67,,,,,,,,,,,,
,,,,,,,,,,,,,,,,,,
Source: IHS / industry data / Ofcom,,,,,,,,,,,,,,,,,,
,,,,,,,,,,,,,,,,,,
ICMR 6.59,,,,,,,,,,,,,,,,,,
,,,,,,,,,,,,,,,,,,
Figure 6.59,,,,,,,,,,,,,,,,,,
Average number of monthly mobile messages per head: 2008 to 2013 ,,,,,,,,,,,,,,,,,,
Messages per month,,,,,,,,,,,,,,,,,,
,,,,,,,,,,,,,,,,,,
,2008,2009,2010,2011,2012,2013,,,,,,,,,,,,
USA,137,213,279,309,295,259,,,,,,,,,,,,
FRA,46,83,134,190,236,249,,,,,,,,,,,,
UK,117,171,205,227,226,170,,,,,,,,,,,,
SWE,90,148,161,166,148,127,,,,,,,,,,,,
ITA,86,105,120,125,135,108,,,,,,,,,,,,
AUS,61,84,84,92,100,103,,,,,,,,,,,,
GER,28,35,43,57,61,54,,,,,,,,,,,,
NED,20,24,30,26,39,27,,,,,,,,,,,,
ESP,16,15,14,14,10,7,,,,,,,,,,,,
JPN,0,0,0,0,0,0,,,,,,,,,,,,
KOR,174,187,201,222,206,157,,,,,,,,,,,,
POL,99,105,113,113,116,115,,,,,,,,,,,,
SGP,95,133,155,158,129,94,,,,,,,,,,,,
CHN,46,51,55,58,60,59,,,,,,,,,,,,
RUS,6,9,12,17,23,29,,,,,,,,,,,,
BRA,8,11,13,19,27,28,,,,,,,,,,,,
NGA,0,1,1,2,10,20,,,,,,,,,,,,
IND,5,9,20,27,27,19,,,,,,,,,,,,
,,,,,,,,,,,,,,,,,,
Source: IHS / industry data / Ofcom,,,,,,,,,,,,,,,,,,
,,,,,,,,,,,,,,,,,,
ICMR 6.60,,,,,,,,,,,,,,,,,,
,,,,,,,,,,,,,,,,,,
Figure 6.60,,,,,,,,,,,,,,,,,,
Average per-capita monthly mobile data use: 2008 to 2013 ,,,,,,,,,,,,,,,,,,
MB per month,,,,,,,,,,,,,,,,,,
,,,,,,,,,,,,,,,,,,
,2008,2009,2010,2011,2012,2013,,,,,,,,,,,,
SWE,121,244,462,871,1512,2305,,,,,,,,,,,,
JPN,73,108,175,307,645,1101,,,,,,,,,,,,
USA,22,50,97,216,363,794,,,,,,,,,,,,
AUS,54,128,251,364,537,763,,,,,,,,,,,,
ITA,33,94,171,264,354,469,,,,,,,,,,,,
NED,18,43,85,164,308,421,,,,,,,,,,,,
GER,11,32,53,91,135,271,,,,,,,,,,,,
UK,11,36,60,105,149,251,,,,,,,,,,,,
ESP,20,43,84,113,172,239,,,,,,,,,,,,
FRA,4,17,39,72,119,192,,,,,,,,,,,,
KOR,28,52,80,219,788,1369,,,,,,,,,,,,
SGP,37,106,193,236,340,439,,,,,,,,,,,,
POL,15,37,76,151,190,261,,,,,,,,,,,,
RUS,5,9,18,41,63,135,,,,,,,,,,,,
BRA,7,27,45,65,90,102,,,,,,,,,,,,
NGA,7,16,28,40,54,65,,,,,,,,,,,,
CHN,1,2,9,15,31,58,,,,,,,,,,,,
IND,2,2,3,4,6,8,,,,,,,,,,,,
,,,,,,,,,,,,,,,,,,
Source: IHS / industry data / Ofcom,,,,,,,,,,,,,,,,,,
,,,,,,,,,,,,,,,,,,
ICMR 6.61,,,,,,,,,,,,,,,,,,
,,,,,,,,,,,,,,,,,,
Figure 6.61,,,,,,,,,,,,,,,,,,
Activities undertaken on a mobile phone,,,,,,,,,,,,,,,,,,
Proportion of mobile data users (%),,,,,,,,,,,,,,,,,,
,,,,,,,,,,,,,,,,,,
 ,UK,FRA,GER,ITA,USA,JPN,AUS,ESP,CHN,,,,,,,,,
Email,69,66,60,72,68,89,66,65,53,,,,,,,,,
Instant messaging,54,35,50,76,48,33,59,77,85,,,,,,,,,
Sending a tweet,29,26,23,44,29,32,25,37,34,,,,,,,,,
Video calls,17,16,16,33,26,15,25,18,41,,,,,,,,,
VoIP calls,17,13,15,27,15,16,25,19,25,,,,,,,,,
,,,,,,,,,,,,,,,,,,
"Source: Ofcom consumer research October 2014
Base: All respondents who access internet with a mobile phone/ smartphone, UK=540, FRA=469, GER=531, ITA=762, USA=443, JPN=566, AUS=579, ESP=742, CHN=808
Q.9b Which, if any, of the following ways of communicating over the internet do you use each of your devices for?
",,,,,,,,,,,,,,,,,,
,,,,,,,,,,,,,,,,,,
ICMR 6.62,,,,,,,,,,,,,,,,,,
,,,,,,,,,,,,,,,,,,
Figure 6.62,,,,,,,,,,,,,,,,,,
Mobile connections per 100 people: 2008 to 2013 ,,,,,,,,,,,,,,,,,,
Connections per 100 people,,,,,,,,,,,,,,,,,,
,,,,,,,,,,,,,,,,,,
,2008,2009,2010,2011,2012,2013,,,,,,,,,,,,
ITA,153,150,156,159,160,159,,,,,,,,,,,,
SWE,118,126,135,142,147,148,,,,,,,,,,,,
GER,131,132,133,140,138,140,,,,,,,,,,,,
AUS,108,116,125,130,132,131,,,,,,,,,,,,
UK,125,129,130,130,131,130,,,,,,,,,,,,
NED,125,125,124,131,130,128,,,,,,,,,,,,
FRA,91,96,101,106,112,117,,,,,,,,,,,,
JPN,87,91,96,104,111,114,,,,,,,,,,,,
ESP,108,109,109,111,107,107,,,,,,,,,,,,
USA,89,93,96,101,104,106,,,,,,,,,,,,
RUS,132,147,155,158,160,169,,,,,,,,,,,,
SGP,131,138,144,149,152,156,,,,,,,,,,,,
POL,115,117,123,131,141,148,,,,,,,,,,,,
BRA,79,91,106,125,134,137,,,,,,,,,,,,
KOR,95,100,105,109,111,113,,,,,,,,,,,,
CHN,47,54,63,72,82,91,,,,,,,,,,,,
NGA,41,47,55,58,67,73,,,,,,,,,,,,
IND,30,44,62,72,69,71,,,,,,,,,,,,
,,,,,,,,,,,,,,,,,,
Source: IHS / industry data / Ofcom,,,,,,,,,,,,,,,,,,
,,,,,,,,,,,,,,,,,,
ICMR 6.63,,,,,,,,,,,,,,,,,,
,,,,,,,,,,,,,,,,,,
Figure 6.63,,,,,,,,,,,,,,,,,,
Mobile data connections per 100 people: 2008 and 2013 ,,,,,,,,,,,,,,,,,,
Connections per 100 people,,,,,,,,,,,,,,,,,,
,,,,,,,,,,,,,,,,,,
,,Dedicated mobile broadband,Handset,,,,,,,,,,,,,,,
UK,2008,4,24,28,,,,,,,,,,,,,,
,2013,8,70,77,,,,,,,,,,,,,,
FRA,2008,1,22,24,,,,,,,,,,,,,,
,2013,6,58,64,,,,,,,,,,,,,,
GER,2008,2,15,17,,,,,,,,,,,,,,
,2013,10,41,51,,,,,,,,,,,,,,
ITA,2008,4,12,16,,,,,,,,,,,,,,
,2013,13,60,74,,,,,,,,,,,,,,
USA,2008,2,27,29,,,,,,,,,,,,,,
,2013,8,92,100,,,,,,,,,,,,,,
JPN,2008,2,59,61,,,,,,,,,,,,,,
,2013,10,103,113,,,,,,,,,,,,,,
AUS,2008,8,13,21,,,,,,,,,,,,,,
,2013,26,110,136,,,,,,,,,,,,,,
ESP,2008,3,25,28,,,,,,,,,,,,,,
,2013,4,75,79,,,,,,,,,,,,,,
NED,2008,1,4,5,,,,,,,,,,,,,,
,2013,7,53,60,,,,,,,,,,,,,,
SWE,2008,9,63,72,,,,,,,,,,,,,,
,2013,23,110,133,,,,,,,,,,,,,,
POL,2008,3,40,43,,,,,,,,,,,,,,
,2013,11,99,110,,,,,,,,,,,,,,
SGP,2008,3,96,99,,,,,,,,,,,,,,
,2013,3,150,153,,,,,,,,,,,,,,
KOR,2008,2,77,78,,,,,,,,,,,,,,
,2013,5,105,110,,,,,,,,,,,,,,
BRA,2008,1,6,7,,,,,,,,,,,,,,
,2013,3,73,76,,,,,,,,,,,,,,
RUS,2008,6,7,13,,,,,,,,,,,,,,
,2013,13,48,61,,,,,,,,,,,,,,
IND,2008,0,2,2,,,,,,,,,,,,,,
,2013,0,18,18,,,,,,,,,,,,,,
CHN,2008,0,9,9,,,,,,,,,,,,,,
,2013,1,37,38,,,,,,,,,,,,,,
NGA,2008,1,5,6,,,,,,,,,,,,,,
,2013,3,38,40,,,,,,,,,,,,,,
,,,,,,,,,,,,,,,,,,
"Source: IHS / industry data / Ofcom
Note: Messaging includes SMS and MMS.",,,,,,,,,,,,,,,,,,
,,,,,,,,,,,,,,,,,,
ICMR 6.64,,,,,,,,,,,,,,,,,,
,,,,,,,,,,,,,,,,,,
Figure 6.64,,,,,,,,,,,,,,,,,,
Performance of mobile internet connection compared to initial expectation,,,,,,,,,,,,,,,,,,
Proportion of mobile data users (%),,,,,,,,,,,,,,,,,,
,,,,,,,,,,,,,,,,,,
 , Much faster than expected, A bit faster than expected, As I expected, A bit slower than I expected, Much slower than I expected, Don't know,,,,,,,,,,,,
UK,10,13,53,11,6,8,,,,,,,,,,,,
FRA,7,17,51,14,6,5,,,,,,,,,,,,
GER,6,12,51,24,1,6,,,,,,,,,,,,
ITA,7,16,53,17,4,3,,,,,,,,,,,,
USA,15,23,44,10,3,4,,,,,,,,,,,,
JPN,5,18,47,16,6,8,,,,,,,,,,,,
AUS,7,16,54,11,4,8,,,,,,,,,,,,
ESP,8,16,51,16,4,5,,,,,,,,,,,,
CHN,9,23,32,29,6,1,,,,,,,,,,,,
,,,,,,,,,,,,,,,,,,
"Source: Ofcom consumer research October 2014
Base: All respondents with mobile broadband internet access or those who access the internet access via a mobile handset, UK=339, FRA=361, GER=383, ITA=662, USA=284, JPN=250, AUS=464, ESP=620, CHN=568
 Q.26 How does the download speed of your current mobile internet connection compare with what you expected when you signed up for it?",,,,,,,,,,,,,,,,,,
,,,,,,,,,,,,,,,,,,
ICMR 6.65,,,,,,,,,,,,,,,,,,
,,,,,,,,,,,,,,,,,,
Figure 6.65,,,,,,,,,,,,,,,,,,
Satisfaction with mobile service,,,,,,,,,,,,,,,,,,
Proportion of mobile users (%),,,,,,,,,,,,,,,,,,
,,,,,,,,,,,,,,,,,,
 ,UK,FRA,GER,ITA,USA,JPN,AUS,ESP,CHN,,,,,,,,,
Overall service,83,82,82,80,86,65,81,77,81,,,,,,,,,
Price paid,76,66,71,70,69,33,69,59,58,,,,,,,,,
Ability to access network,75,72,65,71,76,49,73,64,57,,,,,,,,,
Reliability of internet connection,68,64,59,64,70,47,67,61,58,,,,,,,,,
Speed of internet connection,65,59,57,60,71,46,61,57,52,,,,,,,,,
,,,,,,,,,,,,,,,,,,
"Source: Ofcom consumer research October 2014
Base: All respondents with mobile broadband internet access or those who access the internet access via a mobile handset, UK=339, FRA=361, GER=383, ITA=662, USA=284, JPN=250, AUS=464, ESP=620, CHN=568 
Q.25 To what extent are you satisfied or dissatisfied with the following aspects of your mobile phone service?
",,,,,,,,,,,,,,,,,,
