UK 4.1,,,,,,,,,,,,,,,,,,,,
,,,,,,,,,,,,,,,,,,,,
Figure 4.1,,,,,,,,,,,,,,,,,,,,
,,,,,,,,,,,,,,,,,,,,
UK internet and web-based content market: key statistics,,,,,,,,,,,,,,,,,,,,
,,,,,,,,,,,,,,,,,,,,
,,,,,,,,,,,,,,,,,,,,
,,,,,,,,,,,,,,,,,,,,
"Source: 1Ofcom consumer research, Q1 each year, 2comScore MMX, UK, annual average from reported monthly values; 3Internet Advertising Bureau/PwC.Note: Caution is advised in comparing values before and after February 2011 because of a change in comScore methodology.",,,,,,,,,,,,,,,,,,,,
,,,,,,,,,,,,,,,,,,,,
UK internet and web-based content market,2009,2010,2011,2012,2013,2014,,,,,,,,,,,,,,
1Internet take-up (%),73,75,77,79,80,82,,,,,,,,,,,,,,
1Internet on mobile-phone take-up (%),20,21,32,39,49,57,,,,,,,,,,,,,,
2Monthly active audience on laptop/desktop computers,38.6m,43.1m,42.2m,43.6m,44.6m,n/a,,,,,,,,,,,,,,
2Time spent web browsing per laptop/desktop internet user per month (hours),29.4,30.9,31.5,34.7,34.2,n/a,,,,,,,,,,,,,,
3Digital advertising expenditure (œ),3.5bn,4.1bn,4.8bn,5.4bn,6.3bn,n/a,,,,,,,,,,,,,,
3Mobile advertising revenue (œ),38m,83m,203m,526m,1031m,n/a,,,,,,,,,,,,,,
,,,,,,,,,,,,,,,,,,,,
UK 4.10,,,,,,,,,,,,,,,,,,,,
,,,,,,,,,,,,,,,,,,,,
Figure 4.10,,,,,,,,,,,,,,,,,,,,
,,,,,,,,,,,,,,,,,,,,
"Size of physical media collections, 2005 and 2014",,,,,,,,,,,,,,,,,,,,
,,,,,,,,,,,,,,,,,,,,
Adults with collection (%),,,,,,,,,,,,,,,,,,,,
,,,,,,,,,,,,,,,,,,,,
"Source: Ofcom Media Literacy Research 2005, Kantar Media Omnibus 2014Base: 2005 n=3244 UK adults 16+; 2014 n=2026 UK adults 16+Note: * includes Blu-ray discs in 2014. Only collections of one or more are included in the calculation of mean collection size",,,,,,,,,,,,,,,,,,,,
,,,,,,,,,,,,,,,,,,,,
Media,Year,1 to 10,11 to 50,51 to 100,101 to 200,More than 200,,,,,,,,,,,,,,
Books,2005,17.31696624,30.99517755,20.42963612,14.46733889,16.79088119,,,,,,,,,,,,,,
,2014,18.28469327,32.22156045,20.2501489,12.92435974,16.25967838,,,,,,,,,,,,,,
Music CDs,2005,11.17491166,31.6254417,26.98763251,15.94522968,14.26678445,,,,,,,,,,,,,,
,2014,15.77946768,34.22053232,21.92648923,13.49809886,14.57541191,,,,,,,,,,,,,,
Video cassettes,2005,29.29995364,44.87714418,16.45804358,5.795085767,3.569772833,,,,,,,,,,,,,,
,2014,37.42038217,44.26751592,11.46496815,4.458598726,2.229299363,,,,,,,,,,,,,,
DVD discs*,2005,29.15203211,46.66332163,13.54741596,7.12493728,3.512293026,,,,,,,,,,,,,,
,2014,19.32668329,40.02493766,20.7605985,10.09975062,9.788029925,,,,,,,,,,,,,,
UK 4.11,,,,,,,,,,,,,,,,,,,,
,,,,,,,,,,,,,,,,,,,,
Figure 4.11,,,,,,,,,,,,,,,,,,,,
,,,,,,,,,,,,,,,,,,,,
Take up and collection size of digital media,,,,,,,,,,,,,,,,,,,,
,,,,,,,,,,,,,,,,,,,,
Adults (%),,,,,,,,,,,,,,,,,,,,
,,,,,,,,,,,,,,,,,,,,
Source: Kantar Media Omnibus 2014Base: n=2026 UK adults 16+Note Only collections of one or more are included in the calculation of mean collection size,,,,,,,,,,,,,,,,,,,,
,,,,,,,,,,,,,,,,,,,,
 ,Reach,,,,,,,,,,,,,,,,,,,
eBooks,28,,,,,,,,,,,,,,,,,,,
MP3s,51,,,,,,,,,,,,,,,,,,,
DTO Video,24,,,,,,,,,,,,,,,,,,,
,,,,,,,,,,,,,,,,,,,,
UK 4.12,,,,,,,,,,,,,,,,,,,,
,,,,,,,,,,,,,,,,,,,,
Figure 4.12,,,,,,,,,,,,,,,,,,,,
,,,,,,,,,,,,,,,,,,,,
"Average size of book and e-book collections, by age",,,,,,,,,,,,,,,,,,,,
,,,,,,,,,,,,,,,,,,,,
Collection size,,,,,,,,,,,,,,,,,,,,
,,,,,,,,,,,,,,,,,,,,
Source: Kantar Media Omnibus 2014Base: n=2026 UK adults 16+Note: Only collections of one or more are included in the calculation of mean collection size,,,,,,,,,,,,,,,,,,,,
,,,,,,,,,,,,,,,,,,,,
 ,Books,e-Books,,,,,,,,,,,,,,,,,,
All,86,19,,,,,,,,,,,,,,,,,,
16-24,50.08849558,12.24305556,,,,,,,,,,,,,,,,,,
25-34,68.88198758,17.24100719,,,,,,,,,,,,,,,,,,
35-44,87.57874016,18.59756098,,,,,,,,,,,,,,,,,,
45-54,95.18456376,22.26635514,,,,,,,,,,,,,,,,,,
55-64,117.6181102,20.4125,,,,,,,,,,,,,,,,,,
65+,92.68404908,19.85365854,,,,,,,,,,,,,,,,,,
,"To resize chart data range, drag lower right corner of range.",,,,,,,,,,,,,,,,,,,
UK 4.13,,,,,,,,,,,,,,,,,,,,
,,,,,,,,,,,,,,,,,,,,
Figure 4.13,,,,,,,,,,,,,,,,,,,,
,,,,,,,,,,,,,,,,,,,,
"Average size of music CD and MP3 collections, by age: 2014",,,,,,,,,,,,,,,,,,,,
,,,,,,,,,,,,,,,,,,,,
Collection size,,,,,,,,,,,,,,,,,,,,
,,,,,,,,,,,,,,,,,,,,
Source: Kantar Media Omnibus 2014Base: n=2026 UK adults 16+Note: Only collections of one or more are included in the calculation of mean collection size. MP3 albums are approximated as 10 MP3s,,,,,,,,,,,,,,,,,,,,
,,,,,,,,,,,,,,,,,,,,
 ,Music CDs,MP3 Albums,Music CD Average,MP3 Album Average,,,,,,,,,,,,,,,,
All,84,233,,,,,,,,,,,,,,,,,,
16-24,39.97093023,169.8051948,84,233,,,,,,,,,,,,,,,,
25-34,74.53405018,306.227758,84,233,,,,,,,,,,,,,,,,
35-44,102.4409449,254.2067308,84,233,,,,,,,,,,,,,,,,
45-54,106.7711599,273.3823529,84,233,,,,,,,,,,,,,,,,
55-64,93.19277108,209.0659341,84,233,,,,,,,,,,,,,,,,
65+,71.63398693,156.3953488,84,233,,,,,,,,,,,,,,,,
,"To resize chart data range, drag lower right corner of range.",,,,,,,,,,,,,,,,,,,
,,,,,,,,,,,,,,,,,,,,
10,,,,,,,,,,,,,,,,,,,,
,,,,,,,,,,,,,,,,,,,,
UK 4.14,,,,,,,,,,,,,,,,,,,,
,,,,,,,,,,,,,,,,,,,,
Figure 4.14,,,,,,,,,,,,,,,,,,,,
,,,,,,,,,,,,,,,,,,,,
Take up of free and paid-for digital music or video media services,,,,,,,,,,,,,,,,,,,,
,,,,,,,,,,,,,,,,,,,,
Adults (%),,,,,,,,,,,,,,,,,,,,
,,,,,,,,,,,,,,,,,,,,
Source: Kantar Media Omnibus 2014Base: n=2026 UK adults 16+,,,,,,,,,,,,,,,,,,,,
,,,,,,,,,,,,,,,,,,,,
 ,Column1,Any,Paid,,,,,,,,,,,,,,,,,
Music,Streaming,47,7,,,,,,,,,,,,,,,,,
Video,Streaming,59,14,,,,,,,,,,,,,,,,,
,Rental,#N/A,11,,,,,,,,,,,,,,,,,
UK 4.15,,,,,,,,,,,,,,,,,,,,
,,,,,,,,,,,,,,,,,,,,
Figure 4.15,,,,,,,,,,,,,,,,,,,,
,,,,,,,,,,,,,,,,,,,,
"Take up of physical music, digital music and music streaming, by age",,,,,,,,,,,,,,,,,,,,
,,,,,,,,,,,,,,,,,,,,
Adults (%),,,,,,,,,,,,,,,,,,,,
,,,,,,,,,,,,,,,,,,,,
"Source: Kantar Media Omnibus 2014Base: n=2026 UK adults 16+Note: Physical music includes music CDs, vinyl and cassettes. ",,,,,,,,,,,,,,,,,,,,
,,,,,,,,,,,,,,,,,,,,
 ,Physical Music Collection,Digital Music Collection,Music Streaming,,,,,,,,,,,,,,,,,
16-24,63,82,88.11188811,,,,,,,,,,,,,,,,,
25-34,72,70,69.92481203,,,,,,,,,,,,,,,,,
35-44,85,67,58.19935691,,,,,,,,,,,,,,,,,
45-54,91,47,39.33518006,,,,,,,,,,,,,,,,,
55-64,91,32,22.37762238,,,,,,,,,,,,,,,,,
65+,89,11,7.068062827,,,,,,,,,,,,,,,,,
,"To resize chart data range, drag lower right corner of range.",,,,,,,,,,,,,,,,,,,
,,,,,,,,,,,,,,,,,,,,
100,,,,,,,,,,,,,,,,,,,,
,,,,,,,,,,,,,,,,,,,,
UK 4.16,,,,,,,,,,,,,,,,,,,,
,,,,,,,,,,,,,,,,,,,,
Figure 4.16,,,,,,,,,,,,,,,,,,,,
,,,,,,,,,,,,,,,,,,,,
"Take up of digital video services, by age",,,,,,,,,,,,,,,,,,,,
,,,,,,,,,,,,,,,,,,,,
Adults (%),,,,,,,,,,,,,,,,,,,,
,,,,,,,,,,,,,,,,,,,,
Source: Kantar Media Omnibus 2014Base: n=2026 UK adults 16+,,,,,,,,,,,,,,,,,,,,
,,,,,,,,,,,,,,,,,,,,
 ,Download To Own,Video Streaming,SVOD,,,,,,,,,,,,,,,,,
 16-34,40.2919708,81.89781022,28.90510949,,,,,,,,,,,,,,,,,
 35-54,24.85119048,65.625,17.41071429,,,,,,,,,,,,,,,,,
 55+,5.688622754,28.14371257,3.592814371,,,,,,,,,,,,,,,,,
,,,,,,,,,,,,,,,,,,,,
UK 4.17,,,,,,,,,,,,,,,,,,,,
,,,,,,,,,,,,,,,,,,,,
Figure 4.17,,,,,,,,,,,,,,,,,,,,
,,,,,,,,,,,,,,,,,,,,
Household internet access: 2005 to 2014,,,,,,,,,,,,,,,,,,,,
,,,,,,,,,,,,,,,,,,,,
Proportion of adults (%),,,,,,,,,,,,,,,,,,,,
,,,,,,,,,,,,,,,,,,,,
"Source: Ofcom technology tracker, Q1 2014. Base: All adults aged 16+ (n=3740). Note 1: ?Internet on mobile? is the % of adults who use a mobile phone for any of the following activities: Instant messaging, Downloading Apps or programs, Email, Internet access, downloading video, video streaming, visiting social networking sites. Note 2: From,Q1 2009 the ?Internet? figure includes those who access the internet on mobile phones. QE2: Do you or does anyone in your household have access to the Internet/Worldwide Web at HOME (via any device, e.g. PC, mobile phone etc)? / QE9: Which of these methods does your household use to connect to the Internet at home?",,,,,,,,,,,,,,,,,,,,
,,,,,,,,,,,,,,,,,,,,
,2001 Q1,2002 Q1,2003 Q1,2004 Q1,2005 Q1,2006 Q1,2007 Q1,2008 Q1,2009 Q1,2010 Q1,2011 Q1,2012 Q1,2013 Q1,2014 Q1,,,,,,
Internet,34,46,45,53,60,60,64,67,73,75,77,79,80,82,,,,,,
Total broadband,,,6,16,31,41,52,58,68,71,74,76,75,77,,,,,,
Fixed broadband,,,,,,,,,65,65,67,72,72,73,,,,,,
Mobile data user,,,,,,,,,27,30,38,42,50,59,,,,,,
Internet on mobile,,,,,,,,,20,21,32,39,49,57,,,,,,
Mobile broadband,,,,,,,,,12,15,17,13,5,8,,,,,,
,,,,,,,,,,,,,,,,,,,,
UK 4.18,,,,,,,,,,,,,,,,,,,,
,,,,,,,,,,,,,,,,,,,,
Figure 4.18,,,,,,,,,,,,,,,,,,,,
,,,,,,,,,,,,,,,,,,,,
Wireless routers : 2007 to 2014,,,,,,,,,,,,,,,,,,,,
,,,,,,,,,,,,,,,,,,,,
Take-up (%),,,,,,,,,,,,,,,,,,,,
,,,,,,,,,,,,,,,,,,,,
"Source: Ofcom research, Quarter 1 2014	Base: Wireless router take-up - adults aged 16+ with a broadband connection at home. From 2009 this is based on fixed broadband connections only.",,,,,,,,,,,,,,,,,,,,
,,,,,,,,,,,,,,,,,,,,
,Q1 2007,Q3 2007,Q1 2008,Q3 2008,Q4 2008,Q1 2009,Q1 2010,Q1 2011,Q1 2012,Q1 2013,Q1 2014,,,,,,,,,
Currently use wireless router*,34,41,44,57,55,52,66,75,85,89,93,,,,,,,,,
Fixed broadband penetration**,52,53,57,61,61,65,65,67,72,72,73,,,,,,,,,
,,,,,,,,,,,,,,,,,,,,
UK 4.19,,,,,,,,,,,,,,,,,,,,
,,,,,,,,,,,,,,,,,,,,
Figure 4.19,,,,,,,,,,,,,,,,,,,,
,,,,,,,,,,,,,,,,,,,,
"Home internet access: by age, socio-economic group and gender: 2014",,,,,,,,,,,,,,,,,,,,
,,,,,,,,,,,,,,,,,,,,
Proportion of adults (%),,,,,,,,,,,,,,,,,,,,
,,,,,,,,,,,,,,,,,,,,
"Source: Ofcom research, data as at Q1 2014.Base: All adults aged 16+ QE2: Do you or does anyone in your household have access to the internet/ worldwide web at home?",,,,,,,,,,,,,,,,,,,,
,,,,,,,,,,,,,,,,,,,,
,UK,16-24,25-34,35-54,55-64,65-74,75+,AB,C1,C2,DE,Male,Female,,,,,,,
2011,77,85,88,87,73,55,26,91,83,77,57,78,76,,,,,,,
2012,80,90,90,88,75,64,27,92,86,78,63,81,78,,,,,,,
2013,80,91,91,90,79,56,31,92,85,79,65,82,79,,,,,,,
2014,82,94,92,89,78,67,32,93,88,80,67,82,79,,,,,,,
,,,,,,,,,,,,,,,,,,,,
UK 4.2,,,,,,,,,,,,,,,,,,,,
,,,,,,,,,,,,,,,,,,,,
Figure 4.2,,,,,,,,,,,,,,,,,,,,
,,,,,,,,,,,,,,,,,,,,
UK advertising expenditure: 2013,,,,,,,,,,,,,,,,,,,,
,,,,,,,,,,,,,,,,,,,,
Expenditure (œ millions),,,,,,,,,,,,,,,,,,,,
,,,,,,,,,,,,,,,,,,,,
"Source: AA/Warc Expenditure Report, July 2014, http://expenditurereport.warc.com/Note: ?Press brands? is a consolidation of magazine brands and national and regional news brands. Total digital advertising spend is double-counted in digital TV spend (broadcaster VOD revenue), and in press brands? digital spend.",,,,,,,,,,,,,,,,,,,,
,,,,,,,,,,,,,,,,,,,,
 ,Non-Digital,Digital,Overlap,Total,,,,,,,,,,,,,,,,
Cinema,184,,,184,,,,,,,,,,,,,,,,
Radio,537,,,537,,,,,,,,,,,,,,,,
Out of home,990,,,990,,,,,,,,,,,,,,,,
Direct Mail,1882,,,1882,,,,,,,,,,,,,,,,
Press brands,3219,575,,3794,,,,,,,,,,,,,,,,
TV,4516,126,,4642,,,,,,,,,,,,,,,,
Internet,,6300,701,6300,,,,,,,,,,,,,,,,
,,,,,,,,,,,,,,,,,,,,
,,,,,,,,,,,,,,,,,,,,
Total,18329,,,,,,,,,,,,,,,,,,,
,,,,,,,,,,,,,,,,,,,,
UK 4.20,,,,,,,,,,,,,,,,,,,,
,,,,,,,,,,,,,,,,,,,,
Figure 4.20,,,,,,,,,,,,,,,,,,,,
,,,,,,,,,,,,,,,,,,,,
"Active audience on laptop, desktop, and mobile devices",,,,,,,,,,,,,,,,,,,,
,,,,,,,,,,,,,,,,,,,,
"Unique audience (000)",,,,,,,,,,,,,,,,,,,,
,,,,,,,,,,,,,,,,,,,,
"Source: comScore MMX,UK, home and work panel, March 2012 to March 2014; comScore MMX Multi-Platform, UK, home and work panel, January 2013 to March 2014; comScore GSMA MMM, UK, March 2012 to March 2014.Note: Starting with July 2013 data, comScore added tablet data to the mobile data field of MMX MP. Only those entities that have been tagged as part of the census network report tablet usage data.",,,,,,,,,,,,,,,,,,,,
,,,,,,,,,,,,,,,,,,,,
Date,Laptop and desktop audience,Mobile audience,Digital audience,,,,,,,,,,,,,,,,,
12-Mar,"42,804,219","25,476,118",,,,,,,,,,,,,,,,,,
12-Apr,"42,819,479","25,437,217",,,,,,,,,,,,,,,,,,
12-May,"42,838,343","25,997,645",,,,,,,,,,,,,,,,,,
12-Jun,"42,854,296","26,408,833",,,,,,,,,,,,,,,,,,
12-Jul,"42,963,286","26,850,451",,,,,,,,,,,,,,,,,,
12-Aug,"44,274,651","27,311,365",,,,,,,,,,,,,,,,,,
12-Sep,"44,450,765","27,531,404",,,,,,,,,,,,,,,,,,
12-Oct,"44,627,684","27,969,368",,,,,,,,,,,,,,,,,,
12-Nov,"44,803,631","27,290,970",,,,,,,,,,,,,,,,,,
12-Dec,"44,803,662","28,592,338",,,,,,,,,,,,,,,,,,
13-Jan,"44,581,078","28,955,866","46,017,321",,,,,,,,,,,,,,,,,
13-Feb,"44,350,951","28,106,817","45,685,223",,,,,,,,,,,,,,,,,
13-Mar,"44,585,588","27,169,275","45,547,681",,,,,,,,,,,,,,,,,
13-Apr,"44,591,665","28,123,418","45,622,328",,,,,,,,,,,,,,,,,
13-May,"44,596,679","28,921,709","46,120,293",,,,,,,,,,,,,,,,,
13-Jun,"44,585,218","28,605,799","46,078,203",,,,,,,,,,,,,,,,,
13-Jul,"44,602,785","27,373,541","47,800,841",,,,,,,,,,,,,,,,,
13-Aug,"44,620,352","29,518,634","46,821,940",,,,,,,,,,,,,,,,,
13-Sep,"44,635,764","29,617,538","47,300,301",,,,,,,,,,,,,,,,,
13-Oct,"44,651,177","29,738,220","47,751,059",,,,,,,,,,,,,,,,,
13-Nov,"44,666,444","29,496,023","47,789,572",,,,,,,,,,,,,,,,,
13-Dec,"44,794,553","29,997,917","48,012,418",,,,,,,,,,,,,,,,,
14-Jan,"44,922,517","29,854,884","48,623,462",,,,,,,,,,,,,,,,,
14-Feb,"44,819,772","29,512,518","48,054,947",,,,,,,,,,,,,,,,,
14-Mar,"45,261,983","30,163,346","48,157,734",,,,,,,,,,,,,,,,,
,,,,,,,,,,,,,,,,,,,,
UK 4.21,,,,,,,,,,,,,,,,,,,,
,,,,,,,,,,,,,,,,,,,,
Figure 4.21,,,,,,,,,,,,,,,,,,,,
,,,,,,,,,,,,,,,,,,,,
"Average time spent page browsing per internet user (across laptop, desktop and mobile)",,,,,,,,,,,,,,,,,,,,
,,,,,,,,,,,,,,,,,,,,
Minutes spent browsing,,,,,,,,,,,,,,,,,,,,
,,,,,,,,,,,,,,,,,,,,
"Source: comScore MMX, UK, home and work panel, March 2012 to March 2014; comScore GSMA MMM, UK, March 2012 to March 2014.Note: Time spent online excludes time spent accessing other media such as audio or video content, and on mobile excludes time spent using mobile apps.",,,,,,,,,,,,,,,,,,,,
,,,,,,,,,,,,,,,,,,,,
Month,Laptop and desktop audience,Mobile audience,,,,,,PC,Hours,,Minutes,,Mobile,Hours,,Minutes,,,,
10-Jan,"1,983.20",,,,,,,,,,,,,,,,,,,
10-Feb,"1,845.70",,,,,,,,,,,,,,,,,,,
10-Mar,"1,983.50",,,,,,,,,,,,,,,,,,,
10-Apr,"1,923.80",,,,,,,,,,,,,,,,,,,
10-May,"1,848.00",,,,,,,,,,,,,,,,,,,
10-Jun,"1,767.80",,,,,,,,,,,,,,,,,,,
10-Jul,"1,829.60",,,,,,,,,,,,,,,,,,,
10-Aug,"1,815.50",,,,,,,,,,,,,,,,,,,
10-Sep,"1,856.00",,,,,,,,,,,,,,,,,,,
10-Oct,"1,821.80",,,,,,,,,,,,,,,,,,,
10-Nov,"1,864.30",,,,,,,,,,,,,,,,,,,
10-Dec,"1,702.20",,,,,,,,,,,,,,,,,,,
11-Jan,"1,848.60",,,,,,,,,,,,,,,,,,,
11-Feb,"1,728.80",,,,,,,,,,,,,,,,,,,
11-Mar,"1,847.50",,,,,,,,,,,,,,,,,,,
11-Apr,"1,672.20",327.2,,,,,,,,,,,,,,,,,,
11-May,"1,888.10",345,,,,,,,,,,,,,,,,,,
11-Jun,"1,834.60",324.5,,,,,,,,,,,,,,,,,,
11-Jul,"1,839.40",301.9,,,,,,,,,,,,,,,,,,
11-Aug,"1,927.90",320.3,,,,,,,,,,,,,,,,,,
11-Sep,"1,970.30",321,,,,,,,,,,,,,,,,,,
11-Oct,"2,073.30",335,,,,,,,,,,,,,,,,,,
11-Nov,"2,106.30",334.3,,,,,,,,,,,,,,,,,,
11-Dec,"1,970.10",321,,,,,,,,,,,,,,,,,,
12-Jan,"2,127.30",322.8,,,,,,,,,,,,,,,,,,
12-Feb,"2,020.70",293.9,,,,,,,,,,,,,,,,,,
12-Mar,"1,929.60",295.1,,,Year on Year Growth,,,32.2,32,0.161,10,,4.918,4,0.918,55,,,,
12-Apr,"2,052.30",286,,,Laptop/Desktop,Mobile,,34.2,34,0.205,12,,4.767,4,0.767,46,,,,
12-May,"2,144.70",302.2,,13-Mar,14.50%,15.00%,,35.7,35,0.746,45,,5.036,5,0.036,2,,,,
12-Jun,"2,077.70",304.3,,14-Mar,-14.70%,2.50%,,34.6,34,0.629,38,,5.072,5,0.072,4,,,,
12-Jul,"2,139.90",313.1,,,,,,35.7,35,0.665,40,,5.218,5,0.218,13,,,,
12-Aug,"2,063.40",346.2,,,,,,34.4,34,0.39,23,,5.77,5,0.77,46,,,,
12-Sep,"2,034.70",322.1,,,,,,33.9,33,0.911,55,,5.369,5,0.369,22,,,,
12-Oct,"2,177.00",292.4,,,,,,36.3,36,0.283,17,,4.874,4,0.874,52,,,,
12-Nov,"2,160.50",274.4,,,2012 average,309.9,,36,36,0.008,0,,4.573,4,0.573,34,,,,
12-Dec,"2,037.70",296.1,,,2013 average ,308,,34,33,0.962,58,,4.934,4,0.934,56,,,,
13-Jan,"2,470.30",349.4,,,,,,41.2,41,0.172,10,,5.824,5,0.824,49,,,,
13-Feb,"2,160.10",311.5,,,,,,36,36,0.002,0,,5.192,5,0.192,12,,,,
13-Mar,"2,208.80",339.2,,,,,,36.8,36,0.814,49,,5.654,5,0.654,39,,,,
13-Apr,"2,126.50",313,,,,,,35.4,35,0.442,27,,5.217,5,0.217,13,,,,
13-May,"2,065.60",285.2,,,,,,34.4,34,0.426,26,,4.754,4,0.754,45,,,,
13-Jun,"1,988.20",250.4,,,,,,33.1,33,0.137,8,,4.173,4,0.173,10,,,,
13-Jul,"1,885.00",255.2,,,,,,31.4,31,0.416,25,,4.254,4,0.254,15,,,,
13-Aug,"1,975.50",312.4,,,,,,32.9,32,0.924,55,,5.207,5,0.207,12,,,,
13-Sep,"1,917.20",322.7,,,,,,32,31,0.954,57,,5.378,5,0.378,23,,,,
13-Oct,"2,032.70",343.3,,,,,,33.9,33,0.878,53,,5.722,5,0.722,43,,,,
13-Nov,"2,012.70",331,,,,,,33.5,33,0.546,33,,5.516,5,0.516,31,,,,
13-Dec,"1,811.20",290,,,,,,30.2,30,0.186,11,,4.834,4,0.834,50,,,,
14-Jan,"2,100.80",304,,,,,,35,35,0.014,1,,5.067,5,0.067,4,,,,
14-Feb,"1,822.80",310.2,,,,,,30.4,30,0.38,23,,5.17,5,0.17,10,,,,
14-Mar,"1,884.00",347.6,,,,,,31.4,31,0.4,24,,5.793,5,0.793,48,,,,
,,,,,,,,,,,,,,,,,,,,
UK 4.22,,,,,,,,,,,,,,,,,,,,
,,,,,,,,,,,,,,,,,,,,
Figure 4.22,,,,,,,,,,,,,,,,,,,,
,,,,,,,,,,,,,,,,,,,,
"Average time online on a laptop/desktop, by age and gender: March 2014",,,,,,,,,,,,,,,,,,,,
,,,,,,,,,,,,,,,,,,,,
Average monthly hours online per internet user,,,,,,,,,,,,,,,,,,,,
,,,,,,,,,,,,,,,,,,,,
"Source: comScore MMX, home and work panel, March 2014Note: Time spent online is a measure of time spent browsing web pages on laptop and desktop computers  only. It excludes time spent accessing other media such as audio or video content.",,,,,,,,,,,,,,,,,,,,
,,,,,,,,,,,,,,,,,,,,
Age,Male,Female,,,,,,,,,,,,,,,,,,
14-Jun,9,5.8,,,,,,,,,,,,,,,,,,
15-24,31.9,29.9,,,,,,,,,,,,,,,,,,
25-34,41.3,37.4,,,,,,,,,,,,,,,,,,
35-44,36,36.2,,,,,,,,,,,,,,,,,,
45-54,41.1,34.4,,,,,,,,,,,,,,,,,,
55+,32.4,28.9,,,,,,,,,,,,,,,,,,
,,,,,,,,,,,,,,,,,,,,
UK 4.23,,,,,,,,,,,,,,,,,,,,
,,,,,,,,,,,,,,,,,,,,
Figure 4.23,,,,,,,,,,,,,,,,,,,,
,,,,,,,,,,,,,,,,,,,,
Ownership of internet-enabled devices,,,,,,,,,,,,,,,,,,,,
,,,,,,,,,,,,,,,,,,,,
Household take-up (%),,,,,,,,,,,,,,,,,,,,
,,,,,,,,,,,,,,,,,,,,
"Source: Ofcom research, Q1 2014; Base: Adults aged 16+ n = 3740Note: IP-enabled  devices include laptop, games console (Xbox 360, PS3, Wii/Wii U), desktop PC, smartphone, portable games console (Nintendo DS range, Playstation Portable/Vita), VOD STB (all Virgin TV customers, Sky+ HD, BT TV, TalkTalk TV and YouView), e-reader, tablet, netbook, smart TV, and HDMI device (Roku, Chromecast, Now TV). *E-reader  take-up stated here is per household while elsewhere in the report we state figures by individual take-up.",,,,,,,,,,,,,,,,,,,,
,,,,,,,,,,,,,,,,,,,,
Device,Household take-up,Year on year difference,,,,,,,,,,,,,,,,,,
Laptop,63,1,,,,,,,,,,,,,,,,,,
"Smart
phone",61,10,,,,,,,,,,,,,,,,,,
"Games
console",47,-3,,,,,,,,,,,,,,,,,,
Tablet,44,20,,,,,,,,,,,,,,,,,,
"VOD
STB",38,3,,,,,,,,,,,,,,,,,,
Desktop,35,-6,,,,,,,,,,,,,,,,,,
"Portable
games
console",24,-3,,,,,,,,,,,,,,,,,,
E-reader*,24,2,,,,,,,,,,,,,,,,,,
"Smart
TV",11,4,,,,,,,,,,,,,,,,,,
Netbook,8,0,,,,,,,,,,,,,,,,,,
HDMI device,4,na,,,,,,,,,,,,,,,,,,
,,,,,,,,,,,,,,,,,,,,
UK 4.24,,,,,,,,,,,,,,,,,,,,
,,,,,,,,,,,,,,,,,,,,
Figure 4.24,,,,,,,,,,,,,,,,,,,,
,,,,,,,,,,,,,,,,,,,,
"Tablet computer ownership, by age and socio-economic group: 2012 to 2014",,,,,,,,,,,,,,,,,,,,
,,,,,,,,,,,,,,,,,,,,
Household take-up (%),,,,,,,,,,,,,,,,,,,,
,,,,,,,,,,,,,,,,,,,,
"Source: Ofcom research, Q1 2012, Q1 2013, Q1 2014Q: Does your household have a PC, laptop, netbook or tablet computer?Base: All respondents, 2012=3772, 2013=3750, 2014=3740",,,,,,,,,,,,,,,,,,,,
,,,,,,,,,,,,,,,,,,,,
Column1,2012,2013,2014,,,,,,,,,,,,,,,,,
Total,11,24,44,,,,,,,,,,,,,,,,,
16-24,14,27,49,,,,,,,,,,,,,,,,,
25-34,11,28,51,,,,,,,,,,,,,,,,,
35-54,15,33,53,,,,,,,,,,,,,,,,,
55+,4,11,28,,,,,,,,,,,,,,,,,
,,,,,,,,,,,,,,,,,,,,
ABC1,15,31,51,,,,,,,,,,,,,,,,,
C2DE,6,16,35,,,,,,,,,,,,,,,,,
,,,,,,,,,,,,,,,,,,,,
UK 4.25,,,,,,,,,,,,,,,,,,,,
,,,,,,,,,,,,,,,,,,,,
Figure 4.25,,,,,,,,,,,,,,,,,,,,
,,,,,,,,,,,,,,,,,,,,
"PC ownership, by age and socio-economic group: 2012 to 2014",,,,,,,,,,,,,,,,,,,,
,,,,,,,,,,,,,,,,,,,,
Household take-up (%),,,,,,,,,,,,,,,,,,,,
,,,,,,,,,,,,,,,,,,,,
"Source: Ofcom research, Q1 2012, Q1 2013, Q1 2014Q: Does your household have a PC, laptop, netbook or tablet computer?Base: All respondents, 2012=3772, 2013=3750, 2014=3740",,,,,,,,,,,,,,,,,,,,
,,,,,,,,,,,,,,,,,,,,
Column1,2012,2013,2014,,,,,,,,,,,,,,,,,
Total,44,41,35,,,,,,,,,,,,,,,,,
16-24,45,37,32,,,,,,,,,,,,,,,,,
25-34,33,37,24,,,,,,,,,,,,,,,,,
35-54,53,49,44,,,,,,,,,,,,,,,,,
55+,40,35,34,,,,,,,,,,,,,,,,,
,,,,,,,,,,,,,,,,,,,,
ABC1,52,47,43,,,,,,,,,,,,,,,,,
C2DE,34,33,27,,,,,,,,,,,,,,,,,
,,,,,,,,,,,,,,,,,,,,
UK 4.26,,,,,,,,,,,,,,,,,,,,
,,,,,,,,,,,,,,,,,,,,
Figure 4.26,,,,,,,,,,,,,,,,,,,,
,,,,,,,,,,,,,,,,,,,,
"Laptop ownership, by age and socio-economic group: 2012 to 2014",,,,,,,,,,,,,,,,,,,,
,,,,,,,,,,,,,,,,,,,,
Household take-up (%),,,,,,,,,,,,,,,,,,,,
,,,,,,,,,,,,,,,,,,,,
"Source: Ofcom research, Q1 2012, Q1 2013, Q1 2014Q: Does your household have a PC, laptop, netbook or tablet computer?Base: All respondents, 2012=3772, 2013=3750, 2014=3740",,,,,,,,,,,,,,,,,,,,
,,,,,,,,,,,,,,,,,,,,
Column1,2012,2013,2014,,,,,,,,,,,,,,,,,
Total,61,62,63,,,,,,,,,,,,,,,,,
16-24,71,75,73,,,,,,,,,,,,,,,,,
25-34,71,66,68,,,,,,,,,,,,,,,,,
35-54,72,73,73,,,,,,,,,,,,,,,,,
55+,41,42,46,,,,,,,,,,,,,,,,,
,0,0,0,,,,,,,,,,,,,,,,,
ABC1,71,71,74,,,,,,,,,,,,,,,,,
C2DE,50,50,50,,,,,,,,,,,,,,,,,
,,,,,,,,,,,,,,,,,,,,
UK 4.27,,,,,,,,,,,,,,,,,,,,
,,,,,,,,,,,,,,,,,,,,
Figure 4.27,,,,,,,,,,,,,,,,,,,,
,,,,,,,,,,,,,,,,,,,,
"Smartphone ownership, by age and socio-economic group: 2012 to 2014",,,,,,,,,,,,,,,,,,,,
,,,,,,,,,,,,,,,,,,,,
Proportion of adults (%),,,,,,,,,,,,,,,,,,,,
,,,,,,,,,,,,,,,,,,,,
"Source: Ofcom research, Q1 2012, Q1 2013, Q1 2014Q: Do you personally use a smartphone?Base: All respondents, 2012=3772, 2013=3750, 2014=3740",,,,,,,,,,,,,,,,,,,,
,,,,,,,,,,,,,,,,,,,,
Column1,2012,2013,2014,,,,,,,,,,,,,,,,,
Total,39,51,61,,,,,,,,,,,,,,,,,
16-24,66,77,88,,,,,,,,,,,,,,,,,
25-34,60,73,84,,,,,,,,,,,,,,,,,
35-54,43,60,72,,,,,,,,,,,,,,,,,
55+,12,18,25,,,,,,,,,,,,,,,,,
,,,,,,,,,,,,,,,,,,,,
ABC1,46,59,69,,,,,,,,,,,,,,,,,
C2DE,30,41,51,,,,,,,,,,,,,,,,,
,,,,,,,,,,,,,,,,,,,,
UK 4.28,,,,,,,,,,,,,,,,,,,,
,,,,,,,,,,,,,,,,,,,,
Figure 4.28,,,,,,,,,,,,,,,,,,,,
,,,,,,,,,,,,,,,,,,,,
"Number of different internet-enabled devices per household, Q1 2014",,,,,,,,,,,,,,,,,,,,
,,,,,,,,,,,,,,,,,,,,
Proportion of households(%),,,,,,,,,,,,,,,,,,,,
,,,,,,,,,,,,,,,,,,,,
"Source: Ofcom research, Quarter 1 2014, Base: Adults aged 16+ n = 2256Note: IP-enabled  devices include laptop, games console (Xbox 360, PS3, Wii/Wii U), desktop PC, smartphone, portable games console (Nintendo DS range, Playstation Portable/Vita), VOD Box (all Virgin TV customers, Sky+ HD, BT Vision, TalkTalk TV and YouView), e-reader, tablet, netbook, smart TV and HDMI device.",,,,,,,,,,,,,,,,,,,,
,,,,,,,,,,,,,,,,,,,,
Number of Devices,Own n no. of devices,Own at least n no. of devices,,,,,,,,,,,,,,,,,,
None,12,100,,0,0,,,,,,,,,,,,,,,
One,11,88.3,,1,11.02796377,3.6,8119.467507,,,,,,,,,,,,,
Two,13,77.3,,2,26.07325719,,,,,,,,,,,,,,,
Three,14,64.2,,3,41.47302087,,,,,,,,,,,,,,,
Four,14,50.4,,4,57.66049626,,,,,,,,,,,,,,,
Five,14,36,,5,68.33398976,,,,,,,,,,,,,,,
Six,10,22.3,,6,57.89680977,,,,,,,,,,,,,,,
Seven,7,12.7,,7,45.76604963,,,,,,,,,,,,,,,
Eight,4,6.1,,8,31.5084679,,,,,,,,,,,,,,,
Nine,2,2.2,,9,13.82434029,,,,,,,,,,,,,,,
Ten,0.6,0.7,,10,5.907837731,,,,,,,,,,,,,,,
Eleven,0.04,0.1,,11,0.433241434,,,,,,,,,,,,,,,
,,,,,,,,,,,,,,,,,,,,
UK 4.29,,,,,,,,,,,,,,,,,,,,
,,,,,,,,,,,,,,,,,,,,
Figure 4.29,,,,,,,,,,,,,,,,,,,,
,,,,,,,,,,,,,,,,,,,,
"Device ownership, by number of different internet-enabled devices in the household",,,,,,,,,,,,,,,,,,,,
,,,,,,,,,,,,,,,,,,,,
Proportion of households that own device (%),,,,,,,,,,,,,,,,,,,,
,,,,,,,,,,,,,,,,,,,,
"Source: Ofcom research, Quarter 1 2014; Base: Adults aged 16+ that own at least one IP enabled device n = 2242 (one device 280; two devices 331; three devices 351; four devices 366; five devices 347; six devices 245, seven devices 166.)Note: IP-enabled devices include laptop, games console (Xbox 360, PS3, Wii/Wii U), desktop PC, smartphone, portable games console (Nintendo DS range, Playstation Portable/Vita), VOD Box (all Virgin pay-TV customers, Sky customers with a Sky+ HD STB, BT Vision customers, TalkTalk TV customers and YouView owners), e-reader, tablet, netbook, smart TV and HDMI devices (such as Chromecast). ",,,,,,,,,,,,,,,,,,,,
,,,,,,,,,,,,,,,,,,,,
Number of Devices,1,2,3,4,5,6,7,,,,,Takeup,,,,,,,,
Laptop,27.00%,52.80%,69.00%,74.20%,82.40%,91.40%,96.60%,94.50%,95.70%,100.00%,,63.20%,,,,,,,,
Smartphone,23.20%,47.80%,58.50%,76.40%,85.70%,89.90%,91.60%,96.40%,100.00%,100.00%,,61.00%,,,,,,,,
VOD Box,17.10%,24.50%,37.30%,58.10%,67.60%,75.70%,83.10%,86.40%,93.60%,100.00%,,38.10%,,,,,,,,
Games console,6.50%,21.80%,34.30%,53.40%,69.90%,85.40%,92.70%,94.50%,100.00%,86.70%,,46.80%,,,,,,,,
Tablet,3.00%,11.50%,32.50%,50.00%,69.00%,80.60%,88.80%,99.10%,97.90%,100.00%,,43.80%,,,,,,,,
Desktop PC,16.00%,27.10%,31.00%,35.70%,42.90%,49.30%,61.80%,80.90%,89.40%,100.00%,,35.30%,,,,,,,,
E-reader,3.40%,5.90%,14.90%,21.60%,28.30%,43.30%,65.70%,72.70%,91.50%,80.00%,,24.50%,,,,,,,,
Portable games console,3.00%,4.70%,11.00%,18.30%,31.30%,46.60%,59.60%,80.00%,93.60%,86.70%,,23.90%,,,,,,,,
Smart TV,0.40%,1.80%,8.10%,6.20%,12.20%,20.10%,30.90%,44.50%,42.60%,86.70%,,11.30%,,,,,,,,
Netbooks,0.40%,1.50%,2.70%,3.40%,6.80%,10.80%,18.50%,40.00%,74.50%,86.70%,,7.90%,,,,,,,,
HDMI,0.40%,1.20%,1.20%,2.80%,4.50%,6.30%,11.80%,11.80%,19.10%,66.70%,,4.10%,,,,,,,,
,,,,,,,,,,,,,,,,,,,,
UK 4.3,,,,,,,,,,,,,,,,,,,,
,,,,,,,,,,,,,,,,,,,,
Figure 4.3,,,,,,,,,,,,,,,,,,,,
,,,,,,,,,,,,,,,,,,,,
"Digital advertising expenditure, by type: 2008 - 2013",,,,,,,,,,,,,,,,,,,,
,,,,,,,,,,,,,,,,,,,,
œ millions,,,,,,,,,,,,,,,,,,,,
,,,,,,,,,,,,,,,,,,,,
"Source: IAB / PwC Digital Adspend 2008 ? 2013Note: Figures are revised yearly by IAB / PwC and might not match previous reports",,,,,,,,,,,,,,,,,,,,
,,,,,,,,,,,,,,,,,,,,
Year,Display,Paid for search,Classifieds,Other,Gross Total,,,,,,,,,,,,,,,
2008,684,1942,713,10,3350,,,,,,,,,,,,,,,
2009,755,2097,658,31,3541,,,,,,,,,,,,,,,
2010,1050,2245,718,84,4097,,,,,,,,,,,,,,,
2011,1280,2708,759,75,4822,,,,,,,,,,,,,,,
2012,1479,3087,818,64,5448,,,,,,,,,,,,,,,
2013,1862,3495,887,57,6300,,,,,,,,,,,,,,,
,,,,,,,,,,,,,,,,,,,,
UK 4.30,,,,,,,,,,,,,,,,,,,,
,,,,,,,,,,,,,,,,,,,,
Figure 4.30,,,,,,,,,,,,,,,,,,,,
,,,,,,,,,,,,,,,,,,,,
Take-up among each social group of internet-enabled devices,,,,,,,,,,,,,,,,,,,,
,,,,,,,,,,,,,,,,,,,,
Take-up (%),,,,,,,,,,,,,,,,,,,,
,,,,,,,,,,,,,,,,,,,,
"Source: Ofcom research, Quarter 1 2014	Base: Adults aged 16+, AB n = 777, C1 n = 1115, C2 n = 800, DE n = 1042",,,,,,,,,,,,,,,,,,,,
,,,,,,,,,,,,,,,,,,,,
Device,AB,C1,C2,DE,,,,,,,,,,,,,,,,
Laptop,80,69,60,44,,,,,,,,,,,,,,,,
"Smart
phone",70,68,58,47,,,,,,,,,,,,,,,,
"VOD 
Box",55,50,51,39,,,,,,,,,,,,,,,,
"Games 
Console",48,50,50,41,,,,,,,,,,,,,,,,
Tablet,56,47,45,29,,,,,,,,,,,,,,,,
Desktop,52,35,32,23,,,,,,,,,,,,,,,,
E-reader,35,24,25,14,,,,,,,,,,,,,,,,
Portable Games Console,23,25,28,21,,,,,,,,,,,,,,,,
"Smart 
TV",17,12,11,6,,,,,,,,,,,,,,,,
Netbook,13,7,7,5,,,,,,,,,,,,,,,,
USB TV device,1,2,2,1,,,,,,,,,,,,,,,,
,,,,,,,,,,,,,,,,,,,,
UK 4.31,,,,,,,,,,,,,,,,,,,,
,,,,,,,,,,,,,,,,,,,,
Figure 4.31,,,,,,,,,,,,,,,,,,,,
,,,,,,,,,,,,,,,,,,,,
Most important device for internet access,,,,,,,,,,,,,,,,,,,,
,,,,,,,,,,,,,,,,,,,,
Internet users (%),,,,,,,,,,,,,,,,,,,,
,,,,,,,,,,,,,,,,,,,,
"Source: Ofcom research, Q1 2014Base: All adults aged 16+ who use the internet at home or elsewhere (n = 2976 UK). Question: Which is the most important device you use to connect to the internet, at home or elsewhere? ?Other? responses include: ?Netbook?, ?Games console?, ?Other device?, ?None? and ?don?t know?.",,,,,,,,,,,,,,,,,,,,
,,,,,,,,,,,,,,,,,,,,
Column1,Column2,Laptop,Smartphone,Desktop,Tablet,Netbook,Games console,Other device,None,Don't know,Other,,,,,,,,,
,UK,40,23,20,15,1,1,*,1,1,2,,,,,,,,,
Gender,Male,41,24,22,11,1,1,*,*,*,2,,,,,,,,,
,Female,38,23,18,18,1,*,*,1,1,3,,,,,,,,,
Age group,16-24,33,41,12,11,1,3,1,1,1,3,,,,,,,,,
,25-34,35,41,8,15,2,*,*,*,*,1,,,,,,,,,
,35-54,42,19,20,17,1,*,*,1,1,2,,,,,,,,,
,55+,44,4,36,13,1,0,*,1,1,3,,,,,,,,,
Social group,AB,42,18,23,16,1,1,*,0,1,1,,,,,,,,,
,C1,40,24,18,16,1,*,*,*,*,2,,,,,,,,,
UK 4.32,,,,,,*,*,*,1,1,3,,,,,,,,,
,,,,,,1,*,1,1,*,4,,,,,,,,,
Figure 4.32,,,,,,,,,,,,,,,,,,,,
,,,,,,,,,,,,,,,,,,,,
Most important device for internet access by device ownership,,,,,,,,,,,,,,,,,,,,
,,,,,,,,,,,,,,,,,,,,
Device owners (%),,,,,,,,,,,,,,,,,,,,
,,,,,,,,,,,,,,,,,,,,
"Source: Ofcom research, Q1 2014 Base: All adults aged 16+ who use the internet at home or elsewhere (n = 2976 UK) and have a desktop and laptop in the household, and who personally use a smartphone and tablet. Question: Which is the most important device you use to connect to the internet, at home or elsewhere? ?Other? responses include: ?Netbook?, ?Games console?, ?Other device?, ?None? and ?don?t know?.",,,,,,,,,,,,,,,,,,,,
,,,,,,,,,,,,,,,,,,,,
Device,Of those with a laptop,Of those with a smartphone,"Of those with a desktop and laptop in the household, and who personally use a smartphone and tablet",Of those with a smartphone and who personally use a tablet,Of those who personally use a tablet,,,,,,,,,,,,,,,
Laptop,51,36,29,28,29,,,,,,,,,,,,,,,
Desktop,12,14,17,11,12,,,,,,,,,,,,,,,
Smartphone,21,33,22,27,23,,,,,,,,,,,,,,,
Tablet,14,16,30,33,35,,,,,,,,,,,,,,,
Other,2,1,2,1,1,,,,,,,,,,,,,,,
,,,,,,,,,,,,,,,,,,,,
UK 4.33,,,,,,,,,,,,,,,,,,,,
,,,,,,,,,,,,,,,,,,,,
Figure 4.33,,,,,,,,,,,,,,,,,,,,
,,,,,,,,,,,,,,,,,,,,
Internet take up and intentions: 2008 - 2014,,,,,,,,,,,,,,,,,,,,
,,,,,,,,,,,,,,,,,,,,
Adults (%),,,,,,,,,,,,,,,,,,,,
,,,,,,,,,,,,,,,,,,,,
"Source: Ofcom research, fieldwork carried out by Saville Rossiter-Base in January to February 2014QE2/ QE24 ? Do you or does anyone in your household have access to the internet / world wide web at home (via any device)?/ How likely are you to get internet access at home in the next 12 months? Base: All adults aged 16+ (5812 aged 16+ in 2008, 6090 aged 16+ in 2009, 9013 aged 16+ in 2010, 3474 aged 16+ in 2011, 3772 aged 16+ in 2012, 3750 aged 16+ in 2013, 3740 aged 16+ in 2014). ",,,,,,,,,,,,,,,,,,,,
,,,,,,,,,,,,,,,,,,,,
,Female,Male,DE,C2,C1,AB,75+,65-74,55-64,45-54,35-44,25-34,16-24,2008,2009,2010,2011,2012,2013,2014
Internet connection at home,77,81,61,76,85,92,27,64,75,84,90,88,88,65,70,73,76,79,80,82
Likely to get in next 12 months,4,3,6,4,4,,2,,2,4,3,6,6,6,5,5,4,4,3,2
Don't know if will get,2,2,3,3,1,1,5,2,2,,2,2,2,8,3,4,3,2,2,2
Don't intend to get,17,14,30,16,10,6,66,33,20,10,6,4,4,21,22,17,17,15,14,14
,,,,,,,,,,,,,,,,,,,,
UK 4.34,,,,,,,,,,,,,,,,,,,,
,,,,,,,,,,,,,,,,,,,,
Figure 4.34,,,,,,,,,,,,,,,,,,,,
,,,,,,,,,,,,,,,,,,,,
"Internet take-up and intentions, by demographic group",,,,,,,,,,,,,,,,,,,,
,,,,,,,,,,,,,,,,,,,,
Adults (%),,,,,,,,,,,,,,,,,,,,
,,,,,,,,,,,,,,,,,,,,
"Source: Ofcom research, fieldwork carried out by Saville Rossiter-Base in January to February 2014QE2/ QE24 ? Do you or does anyone in your household have access to the internet / world wide web at home (via any device)?/ How likely are you to get internet access at home in the next 12 months? Base: All adults aged 16+ (5812 aged 16+ in 2008, 6090 aged 16+ in 2009, 9013 aged 16+ in 2010, 3474 aged 16+ in 2011, 3772 aged 16+ in 2012, 3750 aged 16+ in 2013, 3740 aged 16+ in 2014). ",,,,,,,,,,,,,,,,,,,,
,,,,,,,,,,,,,,,,,,,,
,16-24,25-34,35-44,45-54,55-64,65-74,75+,AB,C1,C2,DE,Male,Female,2012,2011,2010,2009,2008,,
Internet connection at home,94,92,90,89,78,67,32,93,88,80,67,83,81,79,76,73,70,65,,
Likely to get in next 12 months,1,3,3,2,3,2,2,1,1,2,4,2,3,4,4,5,5,6,,
Don't know if will get,2,2,1,1,2,4,2,1,1,3,3,2,2,2,3,4,3,8,,
Don't intend to get,3,3,6,8,17,28,64,5,10,15,26,14,14,15,17,17,22,21,,
,65,6,8,21,,,,,,,,,,,,,,,,
UK 4.35,,,,,,,,,,,,,,,,,,,,
,,,,,,,,,,,,,,,,,,,,
Figure 4.35,,,,,,,,,,,,,,,,,,,,
,,,,,,,,,,,,,,,,,,,,
"Stated reasons for not intending to get home internet access in the next 12 months: 2005, 2007, 2009, 2010, 2011, 2012 and 2013",,,,,,,,,,,,,,,,,,,,
,,,,,,,,,,,,,,,,,,,,
Adults do not intent to get the internet (%),,,,,,,,,,,,,,,,,,,,
,,,,,,,,,,,,,,,,,,,,
"IN13 ? Can you tell me what your reasons are for not getting internet access at home? (Unprompted responses, multi-coded)Base: All adults aged 16+ who do not intend to get internet access at home (930 in 2005, 743 in 2007, 410 in 2009, 478 in 2010, 328 in 2011, 305 in 2012, 267 in 2013). Percentages may add to more than 100% as respondents can nominate more than one reason.Source: Ofcom research, fieldwork carried out by Saville Rossiter-Base in October to November 2013",,,,,,,,,,,,,,,,,,,,
,,,,,,,,,,,,,,,,,,,,
Reason,"Interest 
(e.g. Not interested in the internet, wouldn?t use it)
","Ownership/ availability
(e.g. I don?t have a computer)
","Cost
(e.g. I can?t afford a computer, it?s too expensive)
","Knowledge
(e.g. Don?t know how to use a computer)
","Concerns
(e.g. Worried about security/ ID theft)
","Access  elsewhere
(e.g. Can use the internet at work/ elsewhere)
",,,,,,,,,,,,,,
2005,82,,18,7,2,2,,,,,,,,,,,,,,
2007,82,,21,15,2,1,,,,,,,,,,,,,,
2009,72,23,31,11,6,2,,,,,,,,,,,,,,
2010,78,26,35,17,6,2,,,,,,,,,,,,,,
2011,78,20,30,14,8,1,,,,,,,,,,,,,,
2012,85,19,23,14,3,2,,,,,,,,,,,,,,
2013,82,34,32,16,2,1,,,,,,,,,,,,,,
,,,,,,,,,,,,,,,,,,,,
UK 4.36,,,,,,,,,,,,,,,,,,,,
,,,,,,,,,,,,,,,,,,,,
Figure 4.36,,,,,,,,,,,,,,,,,,,,
,,,,,,,,,,,,,,,,,,,,
Interest in internet activities among non-users: 2013,,,,,,,,,,,,,,,,,,,,
,,,,,,,,,,,,,,,,,,,,
Non-users (%),,,,,,,,,,,,,,,,,,,,
,,,,,,,,,,,,,,,,,,,,
"Source: Ofcom research, fieldwork carried out by Saville Rossiter-Base in October to November 2013IN10 I'm going to read out some different types of things you can do online and for each one I'd like you to say if this is something that you are interested in (prompted responses, multi-coded) Base: Those who do not go online at home (on any device) and do not use elsewhere (370)",,,,,,,,,,,,,,,,,,,,
,,,,,,,,,,,,,,,,,,,,
,None of these,Watch online or download TV programmes or films,Use social networking sites,Make phone calls over the internet for free using services like Skype,"Complete government processes online ? such as register for tax credits, renew a driving licence, car tax or passport",Transfer photos from a digital camera or mobile to a computer,"Find out information from your local government or council online such as health services, recycling",Find out about local services online such as cinemas or restaurants,Use price comparison websites or apps to find cheaper deals or offers,Look online at information on hobbies or interests,Buy things online,Use email to contact friends and relatives,,,,,,,,
Non-users,82,2,2,2,3,4,4,5,6,7,7,8,,,,,,,,
,,,,,,,,,,,,,,,,,,,,
UK 4.37,,,,,,,,,,,,,,,,,,,,
,,,,,,,,,,,,,,,,,,,,
Figure 4.37,,,,,,,,,,,,,,,,,,,,
,,,,,,,,,,,,,,,,,,,,
Claimed use of the internet for selected activities,,,,,,,,,,,,,,,,,,,,
,,,,,,,,,,,,,,,,,,,,
Adults (%),,,,,,,,,,,,,,,,,,,,
,,,,,,,,,,,,,,,,,,,,
"QE5. Which, if any, of these do you use the internet for? Source: Ofcom research, Quarter 1 2014Base: All adults aged 16+ who use the internet at home or elsewhere (n = 2976 UK)",,,,,,,,,,,,,,,,,,,,
,,,,,,,,,,,,,,,,,,,,
,Streaming audio services,Listening to radio,Uploading/ adding content to internet,Trading/auctions,Finding/ downloading info for college,Using local council/ Government websites,Downloading music,Playing games,Finding health information,Watching short video clips,Finding/ downloading info for work,Instant messaging,TV/ Video viewing,Using social networking sites,Banking,Purchasing goods/services,Sending and receiving email,General surfing/browsing,Any,
Used in the past week,6,11,11,12,18,12,17,22,12,25,29,32,37,48,44,35,71,78,96,
Use less often,6,8,11,12,11,20,16,13,24,13,13,13,16,8,13,29,11,8,2,
,12,19,22,24,29,32,33,35,36,38,42,45,53,56,57,64,82,86,98,
UK 4.38,,,,,,,,,,,,,,,,,,,,
,,,,,,,,,,,,,,,,,,,,
Figure 4.38,,,,,,,,,,,,,,,,,,,,
,,,,,,,,,,,,,,,,,,,,
Top ten most popular internet properties among the digital audience: March 2013 and March 2014,,,,,,,,,,,,,,,,,,,,
,,,,,,,,,,,,,,,,,,,,
Unique audience (millions) ,,,,,,,,,,,,,,,,,,,,
,,,,,,,,,,,,,,,,,,,,
"Source: comScore MMX Multi-Platform, UK, March 2013 and March 2014All sites listed are at the property level [P]. Please note MMX Multi-Platform includes laptop/desktop browsing, laptop/desktop video streams, on-network and WiFi mobile browsing and app use.Note: Starting with July 2013 data, comScore added tablet data to the mobile data field of MMX MP. Only those entities that have been tagged as part of the census network report tablet usage data.",,,,,,,,,,,,,,,,,,,,
,,,,,,,,,,,,,,,,,,,,
 ,13-Mar,14-Mar,,,,,,,,,,,,,,,,,,
"Google
Sites",43900.563,47143.34,,,,,,,,,,,,,,,,,,
"Yahoo
Sites",26415.352,37870.91,,,,,,,,,,,,,,,,,,
Facebook,33570.246,35986.184,,,,,,,,,,,,,,,,,,
"Microsoft
Sites",34763.486,35059.007,,,,,,,,,,,,,,,,,,
Amazon Sites,31837.382,33272.798,,,,,,,,,,,,,,,,,,
BBC Sites,26813.14,31282.499,,,,,,,,,,,,,,,,,,
eBay,23546.877,28592.059,,,,,,,,,,,,,,,,,,
"Wikimedia
Foundation
Sites",24143.881,25843.057,,,,,,,,,,,,,,,,,,
"Glam
Media",23435.518,25745.891,,,,,,,,,,,,,,,,,,
"Apple
Inc.",23683.605,22784.59,,,,,,,,,,,,,,,,,,
,"To resize chart data range, drag lower right corner of range.",,,,,,,,,,,,,,,,,,,
UK 4.39,,,,,,,,,,,,,,,,,,,,
,,,,,,,,,,,,,,,,,,,,
Figure 4.39,,,,,,,,,,,,,,,,,,,,
,,,,,,,,,,,,,,,,,,,,
"Top ten internet properties among the digital audience, by time spent",,,,,,,,,,,,,,,,,,,,
,,,,,,,,,,,,,,,,,,,,
Total Minutes (billions),,,,,,,,,,,,,,,,,,,,
,,,,,,,,,,,,,,,,,,,,
"Source: comScore MMX Multi-Platform, UK, March 2014Note: All sites listed are at the property level. Time spent online is a measure of time spent laptop/desktop webpage browsing and on-network and WiFi mobile browsing and application data. It excludes time spent accessing audio content.Note: Starting with July 2013 data, comScore added Tablet data to the Mobile data field of MMX MP. Only those entities that have been tagged as part of the census network report Tablet usage data.",,,,,,,,,,,,,,,,,,,,
,,,,,,,,,,,,,,,,,,,,
 ,Total Minutes (million million),,,,,,,,,,,,,,,,,,,
Sky Sites,905.223,,,,,,,,,,,,,,,,,,,
Glam Media,998.912,,,,,,,,,,,,,,,,,,,
Amazon Sites,1201.13,,,,,,,,,,,,,,,,,,,
AccuWeather Sites,1994.638,,,,,,,,,,,,,,,,,,,
eBay,2505.143,,,,,,,,,,,,,,,,,,,
Microsoft Sites,3090.767,,,,,,,,,,,,,,,,,,,
BBC Sites,3650.742,,,,,,,,,,,,,,,,,,,
Yahoo Sites,4059.942,,,,,,,,,,,,,,,,,,,
Facebook,14770.496,,,,,,,,,,,,,,,,,,,
Google Sites,22069.132,,,,,,,,,,,,,,,,,,,
,"To resize chart data range, drag lower right corner of range.",,,,,,,,,,,,,,,,,,,
UK 4.4,,,,,,,,,,,,,,,,,,,,
,,,,,,,,,,,,,,,,,,,,
Figure 4.4,,,,,,,,,,,,,,,,,,,,
,,,,,,,,,,,,,,,,,,,,
Digital display video advertising revenue: 2008-2013,,,,,,,,,,,,,,,,,,,,
,,,,,,,,,,,,,,,,,,,,
Revenue (œmillions),,,,,,,,,,,,,,,,,,,,
,,,,,,,,,,,,,,,,,,,,
Source: IAB / PwC Digital Adspend 2008-2013,,,,,,,,,,,,,,,,,,,,
,,,,,,,,,,,,,,,,,,,,
Year,2008,2009,2010,2011,2012,2013,,,,,,,,,,,,,,
Pre-Post roll,,,,,,303,,,,,,,,,,,,,,
Social Video,,,,,,16,,,,,,,,,,,,,,
Video Other,,,,,,6,,,,,,,,,,,,,,
Revenue,11,28,53,118,200,325,,,,,,,,,,,,,,
,,,,,,,,,,,,,,,,,,,,
UK 4.40,,,,,,,,,,,,,,,,,,,,
,,,,,,,,,,,,,,,,,,,,
Figure 4.40,,,,,,,,,,,,,,,,,,,,
,,,,,,,,,,,,,,,,,,,,
Digital audience of search websites: March 2013 and March 2014,,,,,,,,,,,,,,,,,,,,
,,,,,,,,,,,,,,,,,,,,
Unique audience (millions),,,,,,,,,,,,,,,,,,,,
,,,,,,,,,,,,,,,,,,,,
"Source: comScore MMX Multi-Platform, UK, March 2013 and March 2014Note: Starting with July 2013 data, comScore added Tablet data to the Mobile data field of MMX MP. Only those entities that have been tagged as part of the census network report Tablet usage data.",,,,,,,,,,,,,,,,,,,,
,,,,,,,,,,,,,,,,,,,,
Column1,13-Mar,14-Mar,,,,,,,,,,,,,,,,,,
Google Search [C],41784.448,40847.78,,,,,,,,,,,,,,,,,,
Bing [M],16345.534,12026.373,,,,,,,,,,,,,,,,,,
Yahoo! Search [C],15998.118,8501.768,,,,,,,,,,,,,,,,,,
,,,,,,,,,,,,,,,,,,,,
UK 4.41,,,,,,,,,,,,,,,,,,,,
,,,,,,,,,,,,,,,,,,,,
Figure 4.41,,,,,,,,,,,,,,,,,,,,
,,,,,,,,,,,,,,,,,,,,
Overlap of search website audiences between platforms: March 2014,,,,,,,,,,,,,,,,,,,,
,,,,,,,,,,,,,,,,,,,,
Share of audience (%),,,,,,,,,,,,,,,,,,,,
,,,,,,,,,,,,,,,,,,,,
"Source: comScore MMX Multi-Platform, UK, March 2014Note: The entities above have not been tagged as part of the census network report, and therefore to do not include tablet usage data. ",,,,,,,,,,,,,,,,,,,,
,,,,,,,,,,,,,,,,,,,,
 ,Laptop/Desktop only,Laptop/Desktop and Mobile,Mobile only,,,,,,,,,,,,,,,,,
    Bing [M],57.66824749,12.63344471,29.69830781,,,,,,,,,,,,,,,,,
    Google Search [C],58.8802609,29.49884608,11.62089302,,,,,,,,,,,,,,,,,
    Yahoo Search [C],74.25602812,9.464125718,16.27984617,,,,,,,,,,,,,,,,,
,,,,,,,,,,,,,,,,,,,,
UK 4.42,,,,,,,,,,,,,,,,,,,,
,,,,,,,,,,,,,,,,,,,,
Figure 4.42,,,,,,,,,,,,,,,,,,,,
,,,,,,,,,,,,,,,,,,,,
Proportion of adults who access social networking sites at home,,,,,,,,,,,,,,,,,,,,
,,,,,,,,,,,,,,,,,,,,
Adults 16+ (%),,,,,,,,,,,,,,,,,,,,
,,,,,,,,,,,,,,,,,,,,
"Source: Ofcom Consumer Research Q1 2014Base: All adults aged 16+ (n = 3740 Q1 2014, 3750 Q1 2013) QE5. Which, if any, of these do you use the internet for?",,,,,,,,,,,,,,,,,,,,
,,,,,,,,,,,,,,,,,,,,
,UK,16-24,25-34,35-54,55-64,65-74,75+,AB,C1,C2,DE,Male,Female,,,,,,,
Q1 2013,45,77,69,49,24,12,2,49,52,41,37,42,48,,,,,,,
Q1 2014,47,75,67,52,26,17,6,55,53,43,36,44,50,,,,,,,
,,,,,,,,,,,,,,,,,,,,
UK 4.43,,,,,,,,,,,,,,,,,,,,
,,,,,,,,,,,,,,,,,,,,
Figure 4.43,,,,,,,,,,,,,,,,,,,,
,,,,,,,,,,,,,,,,,,,,
Digital audience of social networking websites: March 2013 and 2014,,,,,,,,,,,,,,,,,,,,
,,,,,,,,,,,,,,,,,,,,
Unique audience (millions),,,,,,,,,,,,,,,,,,,,
,,,,,,,,,,,,,,,,,,,,
"Source: comScore MMX Multi-Platform, UK, March 2013 and March 2014Note: Entities cited from comScore MMX Multi-Platform: FACEBOOK.COM [M], TWITTER.COM [P], LinkedIn [P], Google Plus [E], MySpace [P], Friends Reunited Group [P] and includes laptop/desktop webpage browsing, laptop/desktop video streams, and on-network and WiFi mobile browsing. Starting with July 2013 data, comScore added tablet data to the mobile data field of MMX MP. Only those entities that have been tagged as part of the census network report tablet usage data.",,,,,,,,,,,,,,,,,,,,
,,,,,,,,,,,,,,,,,,,,
 ,13-Mar,14-Mar,,,,,,,,,,,,,,,,,,
Facebook,"32,963",35076.221,,,,,,,,,,,,,,,,,,
Twitter,"11,424",11903.665,,,,,,,,,,,,,,,,,,
Instagram,N/A,11497.147,,,,,,,,,,,,,,,,,,
Linkedin,9414.52,11271.491,,,,,,,,,,,,,,,,,,
Google+,6402.742,8830.499,,,,,,,,,,,,,,,,,,
Myspace,2259.784,864.66,,,,,,,,,,,,,,,,,,
"Friends
Reunited Group",1047.503,443.109,,,,,,,,,,,,,,,,,,
,"To resize chart data range, drag lower right corner of range.",,,,,,,,,,,,,,,,,,,
UK 4.44,,,,,,,,,,,,,,,,,,,,
,,,,,,,,,,,,,,,,,,,,
Figure 4.44,,,,,,,,,,,,,,,,,,,,
,,,,,,,,,,,,,,,,,,,,
"Active reach of social networking websites across laptop/desktop and mobile audiences: March 2014",,,,,,,,,,,,,,,,,,,,
,,,,,,,,,,,,,,,,,,,,
"Active reach (%)",,,,,,,,,,,,,,,,,,,,
,,,,,,,,,,,,,,,,,,,,
"Source: comScore MMX Home and Work Panel, UK March 2014; comScore MobiLens, UK, March 2014, mobile internet users 13+Note: Entities cited from comScore MMX MP: FACEBOOK.COM [M], TWITTER.COM [P], Linkedin [P], Google Plus [E], Myspace [P], Friends Reunited Group [P] and includes laptop/desktop browsing and laptop/desktop video  streams.",,,,,,,,,,,,,,,,,,,,
,,,,,,,,,,,,,,,,,,,,
 ,Laptop/Desktop Reach,Mobile reach,,,,,,,,,,,,,,,,,,
Facebook,65.719,58.17,,,,,,,,,,,,,,,,,,
Twitter,23.064,25.115,,,,,,,,,,,,,,,,,,
Linkedin,21.168,7.658,,,,,,,,,,,,,,,,,,
Google+,19.506,9.696,,,,,,,,,,,,,,,,,,
Myspace,1.392,1.969,,,,,,,,,,,,,,,,,,
Friends Reunited,0.718,0.768,,,,,,,,,,,,,,,,,,
,"To resize chart data range, drag lower right corner of range.",,,,,,,,,,,,,,,,,,,
UK 4.45,,,,,,,,,,,,,,,,,,,,
,,,,,,,,,,,,,,,,,,,,
Figure 4.45,,,,,,,,,,,,,,,,,,,,
,,,,,,,,,,,,,,,,,,,,
Unique audience of selected social networking websites on laptop/desktop computers: April 2012 to 2014,,,,,,,,,,,,,,,,,,,,
,,,,,,,,,,,,,,,,,,,,
Unique audience (millions),,,,,,,,,,,,,,,,,,,,
,,,,,,,,,,,,,,,,,,,,
"Source: comScore MMX, UK, home and work panel, April 2012 to April 2014Note: Entities cited from comScore MMX: FACEBOOK.COM [M], TWITTER.COM [P], LinkedIn [P], Google Plus [E], MySpace [P], Friends Reunited Group [P]",,,,,,,,,,,,,,,,,,,,
,,,,,,,,,,,,,,,,,,,,
 ,12-Apr,13-Apr,14-Apr,,,,,,,,,,,,,,,,,
Facebook,31132.077,29989.77,29029.923,,,,,,,,,,,,,,,,,
Twitter,9730.236,10350.92,10574.068,,,,,,,,,,,,,,,,,
Linkedin,N/A,9112.023,8710.385,,,,,,,,,,,,,,,,,
Google+,5434.217,5112.216,8422.899,,,,,,,,,,,,,,,,,
Myspace,2623.283,1900.573,630.165,,,,,,,,,,,,,,,,,
Friends Reunited Group,680.77,850.408,351.837,,,,,,,,,,,,,,,,,
,"To resize chart data range, drag lower right corner of range.",,,,,,,,,,,,,,,,,,,
UK 4.46,,,,,,,,,,,,,,,,,,,,
,,,,,,,,,,,,,,,,,,,,
Figure 4.46,,,,,,,,,,,,,,,,,,,,
,,,,,,,,,,,,,,,,,,,,
"Unique audience of selected social networking websites on mobile phones: April 2012 to 2014",,,,,,,,,,,,,,,,,,,,
,,,,,,,,,,,,,,,,,,,,
Unique audience (millions),,,,,,,,,,,,,,,,,,,,
,,,,,,,,,,,,,,,,,,,,
"Source: comScore MobiLens, UK, April 2012 to April 2014Base: Mobile internet users 13+",,,,,,,,,,,,,,,,,,,,
,,,,,,,,,,,,,,,,,,,,
 ,12-Apr,13-Apr,14-Apr,,,,,,,,,,,,,,,,,
Facebook,"16,791",19017.06,21071.034,,,,,,,,,,,,,,,,,
Twitter,"5,531",7909.847,8438.243,,,,,,,,,,,,,,,,,
Google+,"1,835",2628.486,3139.915,,,,,,,,,,,,,,,,,
Linkedin,"1,357",2355.543,2923.135,,,,,,,,,,,,,,,,,
Myspace,425,371.834,595.368,,,,,,,,,,,,,,,,,
Friends Reunited Group,192,255.108,195.838,,,,,,,,,,,,,,,,,
,"To resize chart data range, drag lower right corner of range.",,,,,,,,,,,,,,,,,,,
UK 4.47,,,,,,,,,,,,,,,,,,,,
,,,,,,,,,,,,,,,,,,,,
Figure 4.47,,,,,,,,,,,,,,,,,,,,
,,,,,,,,,,,,,,,,,,,,
App and browser access of social networks on a mobile phone,,,,,,,,,,,,,,,,,,,,
,,,,,,,,,,,,,,,,,,,,
Proportion of unique audience (%),,,,,,,,,,,,,,,,,,,,
,,,,,,,,,,,,,,,,,,,,
"Source: comScore MobilLens, UK, 3 month average ending March 2014, Base: Mobile users 13+",,,,,,,,,,,,,,,,,,,,
,,,,,,,,,,,,,,,,,,,,
 ,App,Browser,,,,,,,,,,,,,,,,,,
Facebook,72.5,60,,,,,,,,,,,,,,,,,,
Twitter,76.1,54.4,,,,,,,,,,,,,,,,,,
LinkedIn,65.3,61.9,,,,,,,,,,,,,,,,,,
Google Plus,10.283,11.12,,,,,,,,,,,,,,,,,,
Google+,60.7,70.9,,,,,,,,,,,,,,,,,,
Myspace,42.4,91,,,,,,,,,,,,,,,,,,
Friends Reunited,N/A,100,,,,,,,,,,,,,,,,,,
,"To resize chart data range, drag lower right corner of range.",,,,,,,,,,,,,,,,,,,
UK 4.48,,,,,,,,,,,,,,,,,,,,
,,,,,,,,,,,,,,,,,,,,
Figure 4.48,,,,,,,,,,,,,,,,,,,,
,,,,,,,,,,,,,,,,,,,,
Time spent on social networking sites on laptop/desktop computers,,,,,,,,,,,,,,,,,,,,
,,,,,,,,,,,,,,,,,,,,
Time spent per month (minutes),,,,,,,,,,,,,,,,,,,,
,,,,,,,,,,,,,,,,,,,,
"Source: comScore MMX, UK, home and work panel, March: 2012 ? 2014Note: Entities cited from comScore MMX: FACEBOOK.COM [M], TWITTER.COM [P], LinkedIn [P], Google Plus [E], MySpace [P], Friends Reunited Group [P]",,,,,,,,,,,,,,,,,,,,
,,,,,,,,,,,,,,,,,,,,
 ,12-Mar,13-Mar,14-Mar,,,,,,,,,,,,,,,,,
Facebook,401.053,480.817,479.484,,,,,,,,,,,,,,,,,
Twitter,28.224,31.621,35.25,,,,,,,,,,,,,,,,,
Friends Reunited Group,10.042,15.589,31.817,,,,,,,,,,,,,,,,,
Linkedin,...,25.448,31.21,,,,,,,,,,,,,,,,,
Myspace,4.518,3.622,6.465,,,,,,,,,,,,,,,,,
Google+,2.26,2.893,5.189,,,,,,,,,,,,,,,,,
,"To resize chart data range, drag lower right corner of range.",,,,,,,,,,,,,,,,,,,
UK 4.49,,,,,,,,,,,,,,,,,,,,
,,,,,,,,,,,,,,,,,,,,
Figure 4.49,,,,,,,,,,,,,,,,,,,,
,,,,,,,,,,,,,,,,,,,,
Unique audience for selected online video websites: March 2013 and March 2014 ,,,,,,,,,,,,,,,,,,,,
,,,,,,,,,,,,,,,,,,,,
Unique audience (millions),,,,,,,,,,,,,,,,,,,,
,,,,,,,,,,,,,,,,,,,,
"Source: comScore MMX Multi-Platform, UK, March 2013 and March 2014Note: Starting with July 2013 data, comScore added Tablet data to the Mobile data field of MMX MP. Only those entities that have been tagged as part of the census network report Tablet usage data.",,,,,,,,,,,,,,,,,,,,
,,,,,,,,,,,,,,,,,,,,
 ,13-Mar,14-Mar,,,,,,,,,,,,,,,,,,
YOUTUBE.COM [M],34267.546,39965.696,,,,,,,,,,,,,,,,,,
Vimeo [P],6499.724,11507.3,,,,,,,,,,,,,,,,,,
Dailymotion [P],5100.203,5914.745,,,,,,,,,,,,,,,,,,
MSN Video [C],2014.614,2174.641,,,,,,,,,,,,,,,,,,
Yahoo Screen [C],296.898,1955.883,,,,,,,,,,,,,,,,,,
LIVELEAK.COM [P],612.455,1067.974,,,,,,,,,,,,,,,,,,
    Metacafe [P],773.292,203.695,,,,,,,,,,,,,,,,,,
,"To resize chart data range, drag lower right corner of range.",,,,,,,,,,,,,,,,,,,
UK 4.5,,,,,,,,,,,,,,,,,,,,
,,,,,,,,,,,,,,,,,,,,
Figure 4.5,,,,,,,,,,,,,,,,,,,,
,,,,,,,,,,,,,,,,,,,,
"Mobile advertising expenditure, and mobile internet take-up",,,,,,,,,,,,,,,,,,,,
,,,,,,,,,,,,,,,,,,,,
Expenditure (œ millions) \ UK adult take-up (%),,,,,,,,,,,,,,,,,,,,
,,,,,,,,,,,,,,,,,,,,
Source: IAB / PwC Digital Adspend 2008-2013; Ofcom consumer research.Note: Take-up figures are from Q1 of the following year.,,,,,,,,,,,,,,,,,,,,
,,,,,,,,,,,,,,,,,,,,
Year,Mobile Advertising Expenditure,Internet on mobile phone take-up,,,,,,,,,,,,,,,,,,
2008,28.6,20,,,,,,,,,,,,,,,,,,
2009,37.6,21,,,,,,,,,,,,,,,,,,
2010,83,32,,,,,,,,,,,,,,,,,,
2011,203.2,39,,,,,,,,,,,,,,,,,,
2012,528.5,49,,,,,,,,,,,,,,,,,,
2013,1031,61,*,,,,,,,,,,,,,,,,,
,"To resize chart data range, drag lower right corner of range.",,,,,,,,,,,,,,,,,,,
UK 4.50,,,,,,,,,,,,,,,,,,,,
,,,,,,,,,,,,,,,,,,,,
Figure 4.50,,,,,,,,,,,,,,,,,,,,
,,,,,,,,,,,,,,,,,,,,
Reach of online video services on laptop/desktop and mobile: March 2014,,,,,,,,,,,,,,,,,,,,
,,,,,,,,,,,,,,,,,,,,
"Active reach (%)",,,,,,,,,,,,,,,,,,,,
,,,,,,,,,,,,,,,,,,,,
"Source: comScore MMX, home and work panel UK, March 2014; comScore GSMA MMM, UK, browser and application access, on and off network, March 2014Note: Entities from comScore MMX and GSMA MMM were YOUTUBE.COM [M], Vimeo [P], Dailymotion.com [P], MSN Video [C] and include laptop/desktop browsing and laptop/desktop video streams.",,,,,,,,,,,,,,,,,,,,
,,,,,,,,,,,,,,,,,,,,
 ,Laptop/desktop,Mobile,,,,,,,,,,,,,,,,,,
YouTube,58.369,59.624,,,,,,,,,,,,,,,,,,
Vimeo,6.777,5.719,,,,,,,,,,,,,,,,,,
Dailymotion,6.5,3.95,,,,,,,,,,,,,,,,,,
Yahoo Screen,3.571,0.655,,,,,,,,,,,,,,,,,,
MSN Video,2.468,0.528,,,,,,,,,,,,,,,,,,
    LIVELEAK.COM,1.227,0.305,,,,,,,,,,,,,,,,,,
,"To resize chart data range, drag lower right corner of range.",,,,,,,,,,,,,,,,,,,
UK 4.51,,,,,,,,,,,,,,,,,,,,
,,,,,,,,,,,,,,,,,,,,
Figure 4.51,,,,,,,,,,,,,,,,,,,,
,,,,,,,,,,,,,,,,,,,,
Unique audience of selected online video sites on laptop and desktop computers: March 2012 to March 2014,,,,,,,,,,,,,,,,,,,,
,,,,,,,,,,,,,,,,,,,,
Unique audience (millions),,,,,,,,,,,,,,,,,,,,
,,,,,,,,,,,,,,,,,,,,
"Source: comScore MMX, UK, home and work panel, March 2012, 2013, 2014. ",,,,,,,,,,,,,,,,,,,,
,,,,,,,,,,,,,,,,,,,,
 ,12-Mar,13-Mar,14-Mar,,,,,,,,,,,,,,,,,
YOUTUBE.COM [M],25305.587,28378.434,26418.862,,,,,,,,,,,,,,,,,
Vimeo [P],2114.57,3038.069,3067.595,,,,,,,,,,,,,,,,,
Dailymotion [P],N/A,N/A,2926.633,,,,,,,,,,,,,,,,,
DAILYMOTION.COM [M],3265.553,3552.217,2878.052,,,,,,,,,,,,,,,,,
Yahoo Screen [C],34.231,235.075,1616.136,,,,,,,,,,,,,,,,,
MSN Video [C],1385.787,1301.626,1117.069,,,,,,,,,,,,,,,,,
LIVELEAK.COM [P],246.957,406.629,555.336,,,,,,,,,,,,,,,,,
ANYCLIP.COM [P],37.78,26.033,24.41,,,,,,,,,,,,,,,,,
,"To resize chart data range, drag lower right corner of range.",,,,,,,,,,,,,,,,,,,
UK 4.52,,,,,,,,,,,,,,,,,,,,
,,,,,,,,,,,,,,,,,,,,
Figure 4.52,,,,,,,,,,,,,,,,,,,,
,,,,,,,,,,,,,,,,,,,,
"Unique audience of selected online video websites on mobile phones: March 2012 ? March 2014",,,,,,,,,,,,,,,,,,,,
,,,,,,,,,,,,,,,,,,,,
"Unique audience (millions)",,,,,,,,,,,,,,,,,,,,
,,,,,,,,,,,,,,,,,,,,
"Source: comScore GSMA MMM, UK, browser access only, on network, March 2012 to March 2014Note: comScore dictionary entities used were YOUTUBE.COM [M], Vimeo [P], DAILYMOTION.COM [M], Yahoo Screen [C], MSN Video [C], LIVELEAK.COM [P]",,,,,,,,,,,,,,,,,,,,
,,,,,,,,,,,,,,,,,,,,
 ,YOUTUBE.COM,Dailymotion,Vimeo,LIVELEAK.COM,MSN Video,Yahoo Screen,,,,,,,,,,,,,,
Mar-12,4363598,,239292,18548,28742,820,,,,,,,,,,,,,,
Apr-12,3771895.999,,156699,18463,19118,1042,,,,,,,,,,,,,,
May-12,4054660,,157831,22800,31692,894,,,,,,,,,,,,,,
Jun-12,3938670.001,,154013,20261,21708,1384,,,,,,,,,,,,,,
Jul-12,4091388.001,,159364.002,21787,34709,2232,,,,,,,,,,,,,,
Aug-12,4349535,,175593,37338,28625,14602,,,,,,,,,,,,,,
Sep-12,4672176,,179999,28653,15088,1350,,,,,,,,,,,,,,
Oct-12,5154089.002,,172753.999,30614,9028,2605,,,,,,,,,,,,,,
Nov-12,4743623.003,,149850,27824,8268,3009,,,,,,,,,,,,,,
Dec-12,5632231.998,,165429.002,32789,7880,2898,,,,,,,,,,,,,,
Jan-13,5978398,,205606,93408,9514,5192,,,,,,,,,,,,,,
Feb-13,5618785,,199816,39110,8294,8788,,,,,,,,,,,,,,
Mar-13,5795579.999,,213609.999,30977,8431,5239,,,,,,,,,,,,,,
Apr-13,5361010.501,,177728,60616,8891,4100.5,,,,,,,,,,,,,,
May-13,6214227,,263414,120152,16074,3267,,,,,,,,,,,,,,
Jun-13,5910623,,248544,58907,11964,3687,,,,,,,,,,,,,,
Jul-13,5742197,,284438,54713,10984,2498,,,,,,,,,,,,,,
Aug-13,6939579,,366846,55881,6633,6307,,,,,,,,,,,,,,
Sep-13,7506530,,423948,74240,3760,4884,,,,,,,,,,,,,,
Oct-13,7866166,396263,503428,90562,5290,9439,,,,,,,,,,,,,,
Nov-13,7270914,315878,549896,154320,5478,13231,,,,,,,,,,,,,,
Dec-13,6714476,377146,436684,87855,4078,16897,,,,,,,,,,,,,,
Jan-14,7128674,286245,497256,98077,5361,37766,,,,,,,,,,,,,,
Feb-14,7887872.57,263962,448524,130244,5879,47913,,,,,,,,,,,,,,
Mar-14,7692510.438,297862,543714,75117,5561,31609,,,,,,,,,,,,,,
,,,,,"To resize chart data range, drag lower right corner of range.",,,,,,,,,,,,,,,
UK 4.53,,,,,,,,,,,,,,,,,,,,
,,,,,,,,,,,,,,,,,,,,
Figure 4.53,,,,,,,,,,,,,,,,,,,,
,,,,,,,,,,,,,,,,,,,,
Digital audience of selected online retail websites: March 2013 and March 2014,,,,,,,,,,,,,,,,,,,,
,,,,,,,,,,,,,,,,,,,,
Unique audience (millions),,,,,,,,,,,,,,,,,,,,
,,,,,,,,,,,,,,,,,,,,
"Source: comScore MMX Multi-Platform, UK, March 2013 and March 2014MMX Multi-Platform includes laptop/desktop browsing, laptop/desktop video streams, on-network and WiFi mobile browsing and application data.Note: Starting with July 2013 data, comScore added tablet data to the mobile data field of MMX MP. Only those entities that have been tagged as party of the census network report tablet usage data. comScore dictionary entities used were Amazon [M], eBay Sites [M], Argos [M], TESCO.COM* [M], Asda [M], MARKSANDSPENCER.COM [M], NEXT.CO.UK [M], ASOS.COM [M], DEBENHAMS.COM [M], John Lewis [M]",,,,,,,,,,,,,,,,,,,,
,,,,,,,,,,,,,,,,,,,,
 ,13-Mar,14-Mar,,,,,,,,,,,,,,,,,,
eBay,23387.219,27320.083,,,,,,,,,,,,,,,,,,
Amazon,24398.147,26918.146,,,,,,,,,,,,,,,,,,
Argos,10074.389,11152.574,,,,,,,,,,,,,,,,,,
Tesco,8591.245,10230.8,,,,,,,,,,,,,,,,,,
ASDA,6567.815,6613.503,,,,,,,,,,,,,,,,,,
ASOS,3813.606,5574.256,,,,,,,,,,,,,,,,,,
John Lewis Partnership,4158.926,5160.996,,,,,,,,,,,,,,,,,,
Marks & Spencer,4772.985,5114.054,,,,,,,,,,,,,,,,,,
Next,4514.981,5061.217,,,,,,,,,,,,,,,,,,
Dixons Retail Plc.,5500.021,4879.41,,,,,,,,,,,,,,,,,,
Debenhams,3769.541,4518.34,,,,,,,,,,,,,,,,,,
John Lewis,3366.314,4247.336,,,,,,,,,,,,,,,,,,
Waitrose,1186.859,1538.019,,,,,,,,,,,,,,,,,,
,"To resize chart data range, drag lower right corner of range.",,,,,,,,,,,,,,,,,,,
UK 4.54,,,,,,,,,,,,,,,,,,,,
,,,,,,,,,,,,,,,,,,,,
Figure 4.54,,,,,,,,,,,,,,,,,,,,
,,,,,,,,,,,,,,,,,,,,
Active reach of online retail websites across platforms: March 2014,,,,,,,,,,,,,,,,,,,,
,,,,,,,,,,,,,,,,,,,,
Active reach (%),,,,,,,,,,,,,,,,,,,,
,,,,,,,,,,,,,,,,,,,,
"Source: comScore MMX Multi-Platform, UK, March 2014; comScore MMX, UK, home and work panel, March 2014. MMX Multi-Platform includes laptop/desktop browsing, laptop/desktop video streams, on-network and WiFi mobile browsing and application data.Note: Starting with July 2013 data, comScore added tablet data to the mobile data field of MMX MP. Only those entities that have been tagged as part of the census network report tablet usage data. comScore dictionary entities used were Amazon [M], eBay Sites [M], Argos [M], TESCO.COM* [M], Asda [M], MARKSANDSPENCER.COM [M], NEXT.CO.UK [M], ASOS.COM [M], DEBENHAMS.COM [M], John Lewis [M]",,,,,,,,,,,,,,,,,,,,
,,,,,,,,,,,,,,,,,,,,
 ,Digital reach,Laptop/desktop reach,Mobile reach,,,,,,,,,,,,,,,,,
ebay,56.73,46.405,33.651,,,,,,,,,,,,,,,,,
Amazon,55.896,47.584,27.57,,,,,,,,,,,,,,,,,
Argos,23.158,16.835,12.067,,,,,,,,,,,,,,,,,
Tesco,21.244,13.463,12.585,,,,,,,,,,,,,,,,,
ASDA,13.733,10.483,5.957,,,,,,,,,,,,,,,,,
ASOS,11.575,7.479,7.303,,,,,,,,,,,,,,,,,
John Lewis Partnership,10.717,7.534,5.425,,,,,,,,,,,,,,,,,
Marks & Spencer,10.619,8.15,4.637,,,,,,,,,,,,,,,,,
Next,10.51,7.585,5.235,,,,,,,,,,,,,,,,,
Dixons Retail Plc.,10.132,7.7,4.261,,,,,,,,,,,,,,,,,
Debenhams,9.382,6.361,4.963,,,,,,,,,,,,,,,,,
John Lewis,8.82,6.206,4.367,,,,,,,,,,,,,,,,,
Waitrose,3.194,1.794,2.078,,,,,,,,,,,,,,,,,
,"To resize chart data range, drag lower right corner of range.",,,,,,,,,,,,,,,,,,,
UK 4.55,,,,,,,,,,,,,,,,,,,,
,,,,,,,,,,,,,,,,,,,,
Figure 4.55,,,,,,,,,,,,,,,,,,,,
,,,,,,,,,,,,,,,,,,,,
Unique audience of selected online retailers on laptop/desktop computers: April 2011 to March 2014,,,,,,,,,,,,,,,,,,,,
,,,,,,,,,,,,,,,,,,,,
"Unique audience (millions)",,,,,,,,,,,,,,,,,,,,
,,,,,,,,,,,,,,,,,,,,
"Source: comScore MMX, UK, home and work panel, April 2011 to March 2014;Note: comScore dictionary entities used were Amazon [M], eBay Sites [M], Argos [M], TESCO.COM* [M], Asda [M], MARKSANDSPENCER.COM [M], NEXT.CO.UK [M], ASOS.COM [M], DEBENHAMS.COM [M], John Lewis [M]",,,,,,,,,,,,,,,,,,,,
,,,,,,,,,,,,,,,,,,,,
 ,Amazon,eBay,Argos,Tesco*,ASDA,Marks & Spencer,Next,ASOS,Debenhams,John Lewis,,,,,,,,,,
11-Apr,16328.944,19305.824,7738.58,5839.107,3962.864,3150.95,3626.201,3244.071,2400.24,2241.298,,,,,,,,,,
11-May,17905.281,20166.816,7604.853,5405.199,4214.289,3837.187,3696.694,3671.279,2642.853,3012.645,,,,,,,,,,
11-Jun,16999.206,19643.109,7729.571,4707.748,3742.389,3230.645,4205.695,3758.73,2819.366,3039.325,,,,,,,,,,
11-Jul,17202.096,20127.112,8147.26,5137.449,3944.898,3478.548,3940.099,3332.331,2522.101,2905.508,,,,,,,,,,
11-Aug,18222.596,20687.837,8449.181,5532.088,4315.087,3655.754,3688.248,3285.158,2812.725,2872.475,,,,,,,,,,
11-Sep,19054.451,20895.309,8263.896,5551.396,4348.651,3689.087,3734.81,3604.914,2708.03,3018.303,,,,,,,,,,
11-Oct,21680.252,22245.18,9390.939,6130.86,5410.793,4743.6,4501.153,3510.677,3103.607,3254.444,,,,,,,,,,
11-Nov,23386.827,21140.413,11201.946,7570.914,6207.918,5161.292,4471.884,4077.579,4179.662,4401.524,,,,,,,,,,
11-Dec,23843.617,21599.135,12249.741,7182.276,6288.24,6061.563,5443.55,4055.464,4587.429,5058.53,,,,,,,,,,
12-Jan,21914.769,20199.349,9134.239,5328.118,4383.093,3622.591,3867.038,3233.155,2958.117,3251.592,,,,,,,,,,
12-Feb,21299.37,21078.15,7626.407,5285.485,4174.105,3502.187,3700.029,3052.834,2121.928,2818.575,,,,,,,,,,
12-Mar,21250.882,21390.33,7741.11,5311.667,4310.206,3598.433,4432.582,3131.472,2820.694,3116.887,,,,,,,,,,
12-Apr,21135.034,21627.337,7821.791,6137.086,4806.609,3562.423,3575.699,3232.133,2999.147,3057.997,,,,,,,,,,
12-May,21398.142,22592.265,8436.382,6967.796,4613.916,3927.573,4020.59,3077.864,3255.568,3074.217,,,,,,,,,,
12-Jun,21021.775,21953.224,8431.02,6664.402,4607.241,3446.976,3711.288,2925.608,3195.796,2968.553,,,,,,,,,,
12-Jul,20950.491,22336.172,8927.642,6187.073,4551.863,3934.085,4016.637,2856.918,2965.61,2867.479,,,,,,,,,,
12-Aug,20566.631,22893.244,9484.755,7038.469,5006.811,3408.237,3723.712,2906.943,2825.592,2865.861,,,,,,,,,,
12-Sep,21026.849,23003.131,8423.465,6676.071,5465.253,3816.895,4164.349,3039.98,3310.347,3315.119,,,,,,,,,,
12-Oct,22552.272,23584.615,9391.888,7092.192,5820.028,4314.446,4553.998,3598.954,3319.97,3513.101,,,,,,,,,,
12-Nov,23846.982,23169.687,10782.666,8195.789,6788.978,5203.453,4745.03,3971.832,4558.208,4804.532,,,,,,,,,,
12-Dec,24620.569,22776.001,12858.942,9062.882,7478.213,6206.016,5278.679,4053.23,5425.024,5915.662,,,,,,,,,,
13-Jan,22875.473,22527.976,9730.157,7261.564,5630.233,4046.872,3979.329,3188.341,3668.161,4010.125,,,,,,,,,,
13-Feb,21570.814,21346.534,7764.002,6699.701,4923.596,3608.78,3621.067,3045.846,2887.339,2993.368,,,,,,,,,,
13-Mar,22694.848,22264.302,9171.576,7294.669,6054.974,4376.046,4170.39,3459.763,3510.093,3012.019,,,,,,,,,,
13-Apr,22184.215,22114.67,8628.326,7069.353,5839.923,3899.328,4183.768,3557.095,3336.618,3257.593,,,,,,,,,,
13-May,22439.693,22085.487,8892.233,7458.542,5547.39,3917.708,3724.628,3673.547,3413.716,3358.843,,,,,,,,,,
13-Jun,22524.044,22729.368,9078.416,7821.1,5872.92,3903.234,3940.983,3463.968,3495.614,3399.16,,,,,,,,,,
13-Jul,22056.879,22446.61,9959.664,7405.242,5722.399,3743.342,4325.237,3550.764,3504.851,3140.494,,,,,,,,,,
13-Aug,23100.659,22865.34,9479.106,7496.757,5724.168,3978.473,3815.335,3668.066,3316.477,3703.615,,,,,,,,,,
13-Sep,22116.676,22439.922,9124.367,7515.28,6042.399,4208.279,4239.56,3550.32,3521.722,3587.478,,,,,,,,,,
13-Oct,23705.817,22887.603,9981.005,8148.154,6328.149,4437.936,4058.457,3861.071,3247.237,3768.232,,,,,,,,,,
13-Nov,24967.626,23562.523,11766.737,9184.179,7331.293,5215.71,4504.626,4096.24,4662.752,5435.886,,,,,,,,,,
13-Dec,24572.73,22208.127,12183.836,8520.331,6785.849,5680.422,5087.24,4130.525,4886.293,5839.327,,,,,,,,,,
14-Jan,23099.653,21753.659,9553.707,7186.435,5251.145,3867.901,3457.945,3301.894,3380.288,3831.983,,,,,,,,,,
14-Feb,20863.865,20527.718,7520.408,6114.368,4634.497,3310.777,3040.275,2931.116,2276.36,2856.438,,,,,,,,,,
14-Mar,21537.485,21003.958,7619.982,6093.779,4745.025,3688.845,3433.009,3385.28,2879.068,2808.816,,,,,,,,,,
,"To resize chart data range, drag lower right corner of range.",,,,,,,,,,,,,,,,,,,
UK 4.56,,,,,,,,,,,,,,,,,,,,
,,,,,,,,,,,,,,,,,,,,
Figure 4.56,,,,,,,,,,,,,,,,,,,,
,,,,,,,,,,,,,,,,,,,,
"Mobile unique audience of selected online retailers: March 2012 to March 2014",,,,,,,,,,,,,,,,,,,,
,,,,,,,,,,,,,,,,,,,,
"Unique audience (millions)",,,,,,,,,,,,,,,,,,,,
,,,,,,,,,,,,,,,,,,,,
"Source: comScore GSMA MMM, UK, browser access only, on network, March 2012 to March 2014Note: comScore dictionary entities used were Amazon [M], eBay Sites [M], Argos [M], TESCO.COM* [M], Asda [M], MARKSANDSPENCER.COM [M], NEXT.CO.UK [M], ASOS.COM [M], DEBENHAMS.COM [M], John Lewis [M]",,,,,,,,,,,,,,,,,,,,
,,,,,,,,,,,,,,,,,,,,
 ,Amazon,eBay,Argos,Tesco*,ASDA,Marks & Spencer,Next,ASOS,Debenhams,John Lewis,,,,,,,,,,
12-Mar,2293046.001,2314924.999,919149,1179958,472961.001,400435,333494,266083,209168,361968,,,,,,,,,,
12-Apr,2379616.002,2342864.998,945313,1258374.001,538508.002,371873,312450,250570.001,207658,342665,,,,,,,,,,
12-May,2494118.999,2546740,1107001.999,1428385.999,639211.999,420853.999,371499.001,284513,272641,342456,,,,,,,,,,
12-Jun,2656960,2588174.001,1175563.999,1488430.998,604921.001,434381,349020.001,262205,278786.999,423207.999,,,,,,,,,,
12-Jul,2717022.001,2711338.999,1319559.999,1494595,613963,431563,485992.999,284573.999,273836,443099.001,,,,,,,,,,
12-Aug,2852798.997,2948207.001,1389290.001,1599765.002,714630,476491.998,418731.001,314964,285115.999,455871.002,,,,,,,,,,
12-Sep,2975237.003,3097403.998,1298900.999,1587395.002,677564,488112.999,495924,319937.001,340056.001,514151.001,,,,,,,,,,
12-Oct,3065708.998,3057805.995,1367676,1549995.998,714901.001,531390.001,465791,337743.001,320754.999,483219,,,,,,,,,,
12-Nov,3286497.003,2589831,1498129.001,1571451.001,772294.999,575796.001,434536.999,413867.001,422352,638438.001,,,,,,,,,,
12-Dec,4153194.001,2652768.002,2219592.002,1978902.001,1048466.999,784232,758796.999,515039.001,657497.001,924545.999,,,,,,,,,,
13-Jan,4056525.998,3061744,1788507.001,1712523.001,829578.998,539686.999,517869.999,439845.999,434677.001,622617.001,,,,,,,,,,
13-Feb,3669263,2897277,1369565,1721959,716027,557855,438188,399675,326812,434572,,,,,,,,,,
13-Mar,3979457.999,2987198.999,1413547.999,1756666.999,750149.999,580200.999,526762.999,418686.999,376417.999,457105.999,,,,,,,,,,
13-Apr,3671511.5,2825787.499,1643318,1641987,800936.998,557741.499,476203.499,426856.499,428514.5,630527.5,,,,,,,,,,
13-May,3926617,3390621,1609060,1842186,817384,515729,493603,444146,568605,532430,,,,,,,,,,
13-Jun,3667885,3490599,1509390,1752907,774174,487653,464452,422113,519164,541658,,,,,,,,,,
13-Jul,3716292,3361914,1693637,1760371,838760,538144,502875,439124,564770,502204,,,,,,,,,,
13-Aug,4394464,3937053,1874873,1959975,961602,593954,554737,471286,653746,568808,,,,,,,,,,
13-Sep,4624360,4151919,1873129,2098697,1037490,626893,688325,531825,777817,695505,,,,,,,,,,
13-Oct,4840809,4447942,2037242,2151547,1119871,649681,678648,560324,784164,723000,,,,,,,,,,
13-Nov,5375815,4661389,2372009,2489169,1318045,735820,749168,583817,1041305,1041249,,,,,,,,,,
13-Dec,5830255,4288414,2837273,2484136,1370587,885812,905914,687864,1179813,1214374,,,,,,,,,,
14-Jan,5038509.964,4185374.334,2060477,1876685,926395,559056,565974,493528,801414,761563,,,,,,,,,,
14-Feb,4290847,4495333,1735074,1782691,883167,588240,522496,463961,669614,605547,,,,,,,,,,
14-Mar,4604993,4934124,1900265,2097747,958897,740323,676073,570853,788616,691834,,,,,,,,,,
,,"To resize chart data range, drag lower right corner of range.",,,,,,,,,,,,,,,,,,
UK 4.57,,,,,,,,,,,,,,,,,,,,
,,,,,,,,,,,,,,,,,,,,
Figure 4.57,,,,,,,,,,,,,,,,,,,,
,,,,,,,,,,,,,,,,,,,,
"Mobile retail activities conducted by mobile internet users, March 2013 and March 2014 ",,,,,,,,,,,,,,,,,,,,
,,,,,,,,,,,,,,,,,,,,
"Mobile internet users (%)",,,,,,,,,,,,,,,,,,,,
,,,,,,,,,,,,,,,,,,,,
"Source: comScore MobiLens, UK, 3 month averages ending March 2013 and March 2014Base: mobile internet users 13+ ",,,,,,,,,,,,,,,,,,,,
,,,,,,,,,,,,,,,,,,,,
 ,13-Mar,14-Mar,,,,,,,,,,,,,,,,,,
Found coupons or deals,16.408,17.183,,,,,,,,,,,,,,,,,,
Checked product availability,16.117,18.731,,,,,,,,,,,,,,,,,,
Researched product features,19.058,20.878,,,,,,,,,,,,,,,,,,
Compared product prices,19.62,21.487,,,,,,,,,,,,,,,,,,
Purchased goods or services,20.184,24.253,,,,,,,,,,,,,,,,,,
Found store location,24.344,24.51,,,,,,,,,,,,,,,,,,
,"To resize chart data range, drag lower right corner of range.",,,,,,,,,,,,,,,,,,,
UK 4.58,,,,,,,,,,,,,,,,,,,,
,,,,,,,,,,,,,,,,,,,,
Figure 4.58,,,,,,,,,,,,,,,,,,,,
,,,,,,,,,,,,,,,,,,,,
"Amount spent on goods and services among mobile internet shoppers, March 2013 and March 2014",,,,,,,,,,,,,,,,,,,,
,,,,,,,,,,,,,,,,,,,,
"Mobile internet shoppers (%)",,,,,,,,,,,,,,,,,,,,
,,,,,,,,,,,,,,,,,,,,
"Source: comScore MobiLens, UK, 3 month averages ending March 2013 and March 2014Base: mobile internet users 13+ who have purchased goods or services",,,,,,,,,,,,,,,,,,,,
,,,,,,,,,,,,,,,,,,,,
 ,14-Mar,13-Mar,,,,,,,,,,,,,,,,,,
Less than œ20,12.405,14.285,,,,,,,,,,,,,,,,,,
œ21 - œ50,24.078,25.707,,,,,,,,,,,,,,,,,,
œ51.00 - œ100,22.883,23.065,,,,,,,,,,,,,,,,,,
œ101 - œ150,12.734,11.562,,,,,,,,,,,,,,,,,,
œ151 - œ200,8.59,7.121,,,,,,,,,,,,,,,,,,
œ201 - œ250,5.722,5.877,,,,,,,,,,,,,,,,,,
œ251 - œ300,4.037,3.301,,,,,,,,,,,,,,,,,,
Over œ300,9.55,9.085,,,,,,,,,,,,,,,,,,
,,"To resize chart data range, drag lower right corner of range.",,,,,,,,,,,,,,,,,,
UK 4.59,,,,,,,,,,,,,,,,,,,,
,,,,,,,,,,,,,,,,,,,,
Figure 4.59,,,,,,,,,,,,,,,,,,,,
,,,,,,,,,,,,,,,,,,,,
"Unique audience of selected news websites on laptop/desktop computers : March 2012 to March 2014",,,,,,,,,,,,,,,,,,,,
,,,,,,,,,,,,,,,,,,,,
Unique audience (millions),,,,,,,,,,,,,,,,,,,,
,,,,,,,,,,,,,,,,,,,,
"Source: comScore MMX, UK, home and work panel, March 2012 to March 2014Note: comScore dictionary entities used were DAILYMAIL.CO.UK [S], BBC News [C], The Guardian [P], TELEGRAPH.CO.UK [M], MIRROR.CO.UK [C], Newsquest Media Group [M], METRO.CO.UK [M], INDEPENDENT.CO.UK [P], Johnston Press Plc [P], Yahoo News [S], HUFFINGTONPOST.CO.UK* [C], THESUN.CO.UK [C]* Indicates that the entity has assigned traffic to certain pages in the domain to other entities",,,,,,,,,,,,,,,,,,,,
,,,,,,,,,,,,,,,,,,,,
 ,12-Mar,13-Mar,14-Mar,,,,,,,,,,,,,,,,,
Daily Mail,12242.216,11000.821,10599.797,,,,,,,,,,,,,,,,,
The Guardian,10444.039,10766.138,10584.977,,,,,,,,,,,,,,,,,
BBC News,10884.988,11599.583,10253.97,,,,,,,,,,,,,,,,,
The Telegraph,5707.007,8170.309,8917.232,,,,,,,,,,,,,,,,,
Mirror,2334.701,3435.649,5281.034,,,,,,,,,,,,,,,,,
Independent,3861.039,5199.435,4960.632,,,,,,,,,,,,,,,,,
Yahoo News,6313.556,6455.65,4728.521,,,,,,,,,,,,,,,,,
Newsquest Media Group,4512.489,4641.531,4039.115,,,,,,,,,,,,,,,,,
Johnston Press Plc,3949.286,3304.329,3299.724,,,,,,,,,,,,,,,,,
Metro,2509.811,1937.55,3279.273,,,,,,,,,,,,,,,,,
    HUFFINGTONPOST.CO.UK* (w/ history),1567.698,1382.288,1545.097,,,,,,,,,,,,,,,,,
    TMZ,2345.857,1872.592,1432.189,,,,,,,,,,,,,,,,,
The Sun,3525.677,4489.021,1422.904,,,,,,,,,,,,,,,,,
,"To resize chart data range, drag lower right corner of range.",,,,,,,,,,,,,,,,,,,
UK 4.6,,,,,,,,,,,,,,,,,,,,
,,,,,,,,,,,,,,,,,,,,
Figure 4.6,,,,,,,,,,,,,,,,,,,,
,,,,,,,,,,,,,,,,,,,,
"Mobile advertising, by type: 2008-2013",,,,,,,,,,,,,,,,,,,,
,,,,,,,,,,,,,,,,,,,,
Share of revenues (%),,,,,,,,,,,,,,,,,,,,
,,,,,,,,,,,,,,,,,,,,
Source: IAB / PwC Digital Adspend 2008-2013,,,,,,,,,,,,,,,,,,,,
,,,,,,,,,,,,,,,,,,,,
 ,Search,Display,SMS and other,Classified,Total,,,,,,,,,,,,,,,
2008,50.2,47.9,1.9,0,100,,,,,,,,,,,,,,,
2009,53.2,43.5,3,0,100,,,,,,,,,,,,,,,
2010,65.3,33.2,1.6,0,100,,,,,,,,,,,,,,,
2011,67.4,29.5,3,0,100,,,,,,,,,,,,,,,
2012,69.4,28.5,1.7,0.4,100,,,,,,,,,,,,,,,
2013,56.5,41.9,1.3,0.3,100,,,,,,,,,,,,,,,
,,,,,,,,,,,,,,,,,,,,
UK 4.60,,,,,,,,,,,,,,,,,,,,
,,,,,,,,,,,,,,,,,,,,
Figure 4.60,,,,,,,,,,,,,,,,,,,,
,,,,,,,,,,,,,,,,,,,,
Unique audience of selected news brands on mobile for world/national/ local news: April 2012 to April 2014,,,,,,,,,,,,,,,,,,,,
,,,,,,,,,,,,,,,,,,,,
Unique audience (millions),,,,,,,,,,,,,,,,,,,,
,,,,,,,,,,,,,,,,,,,,
"Source: comScore MobiLens, UK, 3 month averages ending April 2014, April 2013 and April 2012Base: mobile users 13+",,,,,,,,,,,,,,,,,,,,
,,,,,,,,,,,,,,,,,,,,
Column1,12-Apr,13-Apr,14-Apr,,Growth (Abs),Growth (%),,,,,,,,,,,,,,
BBC,"10,375,353","13,176,541","14,488,628",,1312087,0.099577499,,,,,,,,,,,,,,
Sky,"3,275,211","3,980,187","4,234,112",,253925,0.063797254,,,,,,,,,,,,,,
Mail Online,"1,341,723","2,636,511","3,425,887",,789376,0.299401747,,,,,,,,,,,,,,
Guardian / Observer,"1,395,449","1,789,805","1,997,557",,207752,0.116075215,,,,,,,,,,,,,,
Google,"1,772,213","1,702,930","1,660,121",,-42809,-0.025138438,,,,,,,,,,,,,,
Metro,"470,677","841,252","1,587,289",,746037,0.886817505,,,,,,,,,,,,,,
Huffington Post.com,#N/A,"942,234","1,438,326",,496092,0.526506155,,,,,,,,,,,,,,
Yahoo!,"960,498","1,231,953","1,360,803",,128850,0.104590029,,,,,,,,,,,,,,
Channel 4,"654,649","857,310","1,141,882",,284572,0.331935939,,,,,,,,,,,,,,
The Telegraph,"358,509","809,709","1,010,319",,200610,0.247755675,,,,,,,,,,,,,,
,,,,,,,,,,,,,,,,,,,,
UK 4.61,,,,,,,,,,,,,,,,,,,,
,,,,,,,,,,,,,,,,,,,,
Figure 4.61,,,,,,,,,,,,,,,,,,,,
,,,,,,,,,,,,,,,,,,,,
"Frequency of accessing news among mobile internet users, March 2013 and March 2014",,,,,,,,,,,,,,,,,,,,
,,,,,,,,,,,,,,,,,,,,
"Mobile internet users (%)",,,,,,,,,,,,,,,,,,,,
,,,,,,,,,,,,,,,,,,,,
"Source: comScore MobiLens, UK, 3 month averages ending March 2013 and March 2014Base: mobile internet users 13+ ",,,,,,,,,,,,,,,,,,,,
,,,,,,,,,,,,,,,,,,,,
 ,13-Mar,14-Mar,,,,,,,,,,,,,,,,,,
    Almost every day,18.406,20.279,,,,,,,,,,,,,,,,,,
    At least once a week,17.133,17.495,,,,,,,,,,,,,,,,,,
    Once to three times a month,16.477,15.716,,,,,,,,,,,,,,,,,,
Total,52.016,53.49,,,,,,,,,,,,,,,,,,
    Ever in month [Local/World News],52.016,,,,,,,,,,,,,,,,,,,
,,,,,,,,,,,,,,,,,,,,
UK 4.62,,,,,,,,,,,,,,,,,,,,
,,,,,,,,,,,,,,,,,,,,
Figure 4.62,,,,,,,,,,,,,,,,,,,,
,,,,,,,,,,,,,,,,,,,,
"Tablet audience of selected online news providers, March 2014",,,,,,,,,,,,,,,,,,,,
,,,,,,,,,,,,,,,,,,,,
Unique audience (millions),,,,,,,,,,,,,,,,,,,,
,,,,,,,,,,,,,,,,,,,,
"Source: comScore GSMA MMM, UK, tablet browser access only, on and off network, March 2014Note: comScore dictionary entities used were DAILYMAIL.CO.UK [S], The Guardian [P], TELEGRAPH.CO.UK [M], MIRROR.CO.UK [C], Newsquest Media Group [M], METRO.CO.UK [M], INDEPENDENT.CO.UK [P], Johnston Press Plc [P], Yahoo News [S]* Indicates that the entity has assigned traffic to certain pages in the domain to other entities",,,,,,,,,,,,,,,,,,,,
,,,,,,,,,,,,,,,,,,,,
 ,Tablets,,,,,,,,,,,,,,,,,,,
Daily Mail,4246521.302,,,,,,,,,,,,,,,,,,,
The Guardian,3019290.172,,,,,,,,,,,,,,,,,,,
the Telegraph,2903884.225,,,,,,,,,,,,,,,,,,,
Mirror,2357521.076,,,,,,,,,,,,,,,,,,,
Independent,1671068.774,,,,,,,,,,,,,,,,,,,
Newsquest Media Group,1602622.092,,,,,,,,,,,,,,,,,,,
Metro,1444798.917,,,,,,,,,,,,,,,,,,,
Yahoo News,1026080.185,,,,,,,,,,,,,,,,,,,
Johnston Press Plc,994111.121,,,,,,,,,,,,,,,,,,,
    HUFFINGTONPOST.CO.UK*,437947.272,,,,,,,,,,,,,,,,,,,
    THESUN.CO.UK,,,,,,,,,,,,,,,,,,,,
    TMZ,408125.655,,,,,,,,,,,,,,,,,,,
,,,,,,,,,,,,,,,,,,,,
UK 4.7,,,,,,,,,,,,,,,,,,,,
,,,,,,,,,,,,,,,,,,,,
Figure 4.7,,,,,,,,,,,,,,,,,,,,
,,,,,,,,,,,,,,,,,,,,
"Mobile video display advertising revenue, by type and location: 2011- 2013",,,,,,,,,,,,,,,,,,,,
,,,,,,,,,,,,,,,,,,,,
Revenue (%),,,,,,,,,,,,,,,,,,,,
,,,,,,,,,,,,,,,,,,,,
"Source: IAB / PwC Digital Adspend 2008-2013Note: *Location data is based on a smaller number of datapoints than type data and as should only be treated as indicative.",,,,,,,,,,,,,,,,,,,,
,,,,,,,,,,,,,,,,,,,,
Column1,2010,2011,2012,2013,"2012
Location*",2013 Location*,,,,,,,,,,,,,,
Banners and text links,89.1,95.1,86,83,,,,,,,,,,,,,,,,
Video,0.7,1.3,10,16,,,,,,,,,,,,,,,,
Other Display Formats,3.5,0.6,1.8,1,,,,,,,,,,,,,,,,
Content Sponsorship ,0.8,1.3,1.2,1,,,,,,,,,,,,,,,,
Tenancies,6,1.7,0.6,,,,,,,,,,,,,,,,,
App Ads,,,,,60,60,,,,,,,,,,,,,,
Browser Ads,,,,,40,40,,,,,,,,,,,,,,
,,,,,,,,,,,,,,,,,,,,
UK 4.8,,,,,,,,,,,,,,,,,,,,
,,,,,,,,,,,,,,,,,,,,
Figure 4.8,,,,,,,,,,,,,,,,,,,,
,,,,,,,,,,,,,,,,,,,,
Take-up of physical media,,,,,,,,,,,,,,,,,,,,
,,,,,,,,,,,,,,,,,,,,
Adults (%),,,,,,,,,,,,,,,,,,,,
,,,,,,,,,,,,,,,,,,,,
"Source: Ofcom Media Literacy Research 2005, Kantar Media Omnibus 2014Base: 2005 n=3244 UK adults 16+; 2014 n=2026 UK adults 16+Note: * includes Blu-ray discs in 2014",,,,,,,,,,,,,,,,,,,,
,,,,,,,,,,,,,,,,,,,,
 ,2005,2014,,,,,,,,,,,,,,,,,,
Books,93,84,,,,,,,,,,,,,,,,,,
Music CDs,92,79,,,,,,,,,,,,,,,,,,
Video Cassettes,88,31,,,,,,,,,,,,,,,,,,
DVD discs*,81,80,,,,,,,,,,,,,,,,,,
,,,,,,,,,,,,,,,,,,,,
UK 4.9,,,,,,,,,,,,,,,,,,,,
,,,,,,,,,,,,,,,,,,,,
Figure 4.9,,,,,,,,,,,,,,,,,,,,
,,,,,,,,,,,,,,,,,,,,
"Reach of physical media, by age: 2014",,,,,,,,,,,,,,,,,,,,
,,,,,,,,,,,,,,,,,,,,
Adults (%),,,,,,,,,,,,,,,,,,,,
,,,,,,,,,,,,,,,,,,,,
"Source: Kantar Media Omnibus 2014Base: Adults 16+, 16-24 n=295; 25-34 n=335; 35-44 n=277; 45-54 n=318; 55-64 n=269; 65+ n=532Note: * includes Blu-ray discs in 2014",,,,,,,,,,,,,,,,,,,,
,,,,,,,,,,,,,,,,,,,,
 , 16-24, 25-34, 35-44, 45-54, 55-64, 65+,,,,,,,,,,,,,,
Books,79,81,81,83,89,85,,,,,,,,,,,,,,
Music CDs,60,70,81,88,87,80,,,,,,,,,,,,,,
Video Cassettes,18,17,28,32,41,49,,,,,,,,,,,,,,
DVD discs*,81,79,81,85,83,68,,,,,,,,,,,,,,
,,,,,,,,,,,,,,,,,,,,
,,,,,,,,,,,,,,,,,,,,
,"To resize chart data range, drag lower right corner of range.",,,,,,,,,,,,,,,,,,,
